/*
 Navicat Premium Data Transfer

 Source Server         : localhost
 Source Server Type    : MySQL
 Source Server Version : 50536
 Source Host           : localhost
 Source Database       : infor_manage

 Target Server Type    : MySQL
 Target Server Version : 50536
 File Encoding         : utf-8

 Date: 08/17/2014 22:52:26 PM
*/

SET NAMES utf8;
SET FOREIGN_KEY_CHECKS = 0;

-- ----------------------------
--  Table structure for `admin`
-- ----------------------------
DROP TABLE IF EXISTS `admin`;
CREATE TABLE `admin` (
  `admin_id` int(11) NOT NULL AUTO_INCREMENT,
  `admin_num` varchar(20) COLLATE utf8_bin DEFAULT NULL,
  `manage_range` varchar(100) COLLATE utf8_bin DEFAULT NULL,
  `admin_pw` varchar(100) COLLATE utf8_bin DEFAULT NULL,
  `admin_right` varchar(50) COLLATE utf8_bin DEFAULT NULL,
  PRIMARY KEY (`admin_id`)
) ENGINE=InnoDB AUTO_INCREMENT=2 DEFAULT CHARSET=utf8 COLLATE=utf8_bin;

-- ----------------------------
--  Records of `admin`
-- ----------------------------
BEGIN;
INSERT INTO `admin` VALUES ('1', 'admin', null, 'ISMvKXpXpadDiUoOSoAfww==', '高级管理员');
COMMIT;

-- ----------------------------
--  Table structure for `classes`
-- ----------------------------
DROP TABLE IF EXISTS `classes`;
CREATE TABLE `classes` (
  `classes_id` int(11) NOT NULL AUTO_INCREMENT,
  `classes_name` varchar(100) COLLATE utf8_bin DEFAULT NULL,
  `classes_remarks` longtext COLLATE utf8_bin,
  PRIMARY KEY (`classes_id`)
) ENGINE=InnoDB AUTO_INCREMENT=178 DEFAULT CHARSET=utf8 COLLATE=utf8_bin;

-- ----------------------------
--  Records of `classes`
-- ----------------------------
BEGIN;
INSERT INTO `classes` VALUES ('161', '31212P', 0xe794b5e5ad90e794b5e8b7afe8aebee8aea1e4b88ee5b7a5e889ba), ('162', '31213D', 0xe794b5e5ad90e794b5e8b7afe8aebee8aea1e4b88ee5b7a5e889baefbc88e5afb9e58fa3e58d95e68b9befbc89), ('163', '31214D', 0xe794b5e5ad90e794b5e8b7afe8aebee8aea1e4b88ee5b7a5e889baefbc88e5afb9e58fa3e58d95e68b9befbc89), ('164', '31215P', 0xe794b5e5ad90e794b5e8b7afe8aebee8aea1e4b88ee5b7a5e889baefbc88e59381e8b4a8e7aea1e79086e68a80e69cafefbc89), ('165', '31221P', 0xe58589e794b5e5ad90e68a80e69caf), ('166', '31222P', 0xe58589e794b5e5ad90e68a80e69caf), ('167', '31223P', 0xe58589e794b5e5ad90e68a80e69caf), ('168', '31231P', 0xe5beaee794b5e5ad90e68a80e69caf), ('169', '31241P', 0xe5b7a5e4b89ae78eafe4bf9de4b88ee5ae89e585a8e68a80e69caf), ('170', '31251P', 0xe5ba94e794a8e99fa9e8afad), ('171', '31211P', 0xe794b5e5ad90e794b5e8b7afe8aebee8aea1e4b88ee5b7a5e889baefbc88e5b7a5e7a88be8aebee8aea1efbc89), ('172', '31230P', 0xe58589e794b5e5ad90e68a80e69caf), ('173', '31228P', 0xe58589e794b5e5ad90e68a80e69caf), ('174', '31227P', 0xe58589e794b5e5ad90e68a80e69caf), ('175', '31226P', 0xe58589e794b5e5ad90e68a80e69caf), ('176', '31224P', 0xe58589e794b5e5ad90e68a80e69caf), ('177', '31225P', 0xe58589e794b5e5ad90e68a80e69caf);
COMMIT;

-- ----------------------------
--  Table structure for `contacts`
-- ----------------------------
DROP TABLE IF EXISTS `contacts`;
CREATE TABLE `contacts` (
  `contacts_id` int(100) NOT NULL AUTO_INCREMENT COMMENT '通讯录id',
  `contacts_phoneNum` varchar(15) DEFAULT NULL COMMENT '通讯录手机号码',
  `contacts_address` varchar(100) DEFAULT NULL COMMENT '通讯录家庭住址',
  `user_id` int(100) DEFAULT NULL COMMENT '用户id',
  `current_user_id` int(100) DEFAULT NULL COMMENT '当前登录',
  `user_name` varchar(10) DEFAULT NULL COMMENT '校友名称',
  PRIMARY KEY (`contacts_id`)
) ENGINE=InnoDB AUTO_INCREMENT=79 DEFAULT CHARSET=utf8 ROW_FORMAT=COMPACT;

-- ----------------------------
--  Records of `contacts`
-- ----------------------------
BEGIN;
INSERT INTO `contacts` VALUES ('36', '15088995550', '北京', '231', '234', '袁美君'), ('37', '18651879756', '上海', '232', '231', '刘义伟'), ('38', '18765143267', '', '238', '231', 'test1'), ('39', '18654326786', '', '234', '231', '1qaz'), ('40', '18606181847', '', '242', '241', '祝英平'), ('41', '13405837732', '', '243', '241', '赵昕彤'), ('42', '15605187760', '', '244', '241', '喻轶群'), ('43', '18752038820', '', '245', '241', '叶茜倩'), ('44', '18752033668', '', '246', '241', '叶露'), ('45', '15651801233', '', '247', '241', '杨雨丹'), ('46', '18752037028', '', '248', '241', '杨梦梦'), ('47', '13260869256', '', '249', '241', '薛美琪'), ('48', '18252049407', '', '250', '241', '许瑶'), ('49', '18752037078', '', '251', '241', '相昀含'), ('50', '13921316243', '', '252', '241', '吴佳'), ('51', '15651807199', '', '253', '241', '魏敏'), ('52', '13852294205', '', '254', '241', '王妍'), ('53', '13222003129', '', '255', '241', '王星玲'), ('54', '15951866525', '', '256', '241', '王如月'), ('55', '18752036218', '', '257', '241', '王楠楠'), ('56', '15651036119', '', '258', '241', '孙冉'), ('57', '18752036832', '', '259', '241', '孙锦凤'), ('58', '18752038812', '', '260', '241', '缪雪宇'), ('59', '18752036596', '', '261', '241', '孟静'), ('60', '18752036608', '', '262', '241', '陆燕'), ('61', '13770443122', '', '263', '241', '柳晓红'), ('62', '13601909769', '', '264', '241', '刘兰琴'), ('63', '18752038010', '', '265', '241', '刘金红'), ('64', '18752037728', '', '266', '241', '凌霞'), ('65', '15651038337', '', '267', '241', '凌佩云'), ('66', '15651039186', '', '268', '241', '凌玲'), ('67', '18751869807', '', '269', '241', '姜雯'), ('68', '18752033611', '', '270', '241', '黄晓冬'), ('69', '15651038501', '', '271', '241', '郝琳琳'), ('70', '13222258844', '', '272', '241', '郭子童'), ('71', '13057525882', '', '273', '241', '郭薇'), ('72', '18752038798', '', '274', '241', '冯玉盘'), ('73', '13626215816', '', '275', '241', '董晶'), ('74', '18752038128', '', '276', '241', '单世华'), ('75', '18751869601', '', '277', '241', '陈星'), ('76', '13072551086', '', '278', '241', '陈平平'), ('77', '13270832157', '', '279', '241', '陈晶鑫'), ('78', '', '', '280', '241', '陈晨');
COMMIT;

-- ----------------------------
--  Table structure for `doc_protitle`
-- ----------------------------
DROP TABLE IF EXISTS `doc_protitle`;
CREATE TABLE `doc_protitle` (
  `doc_protitle_id` int(11) NOT NULL AUTO_INCREMENT,
  `doc_protitle_name` varchar(50) COLLATE utf8_bin DEFAULT NULL,
  `doc_protitle_remarks` varchar(200) COLLATE utf8_bin DEFAULT NULL,
  PRIMARY KEY (`doc_protitle_id`)
) ENGINE=InnoDB AUTO_INCREMENT=2 DEFAULT CHARSET=utf8 COLLATE=utf8_bin;

-- ----------------------------
--  Records of `doc_protitle`
-- ----------------------------
BEGIN;
INSERT INTO `doc_protitle` VALUES ('1', '无', '无');
COMMIT;

-- ----------------------------
--  Table structure for `major`
-- ----------------------------
DROP TABLE IF EXISTS `major`;
CREATE TABLE `major` (
  `major_id` int(11) NOT NULL AUTO_INCREMENT,
  `major_name` varchar(50) COLLATE utf8_bin DEFAULT NULL,
  `major_remarks` varchar(200) COLLATE utf8_bin DEFAULT NULL,
  PRIMARY KEY (`major_id`)
) ENGINE=InnoDB AUTO_INCREMENT=17 DEFAULT CHARSET=utf8 COLLATE=utf8_bin;

-- ----------------------------
--  Records of `major`
-- ----------------------------
BEGIN;
INSERT INTO `major` VALUES ('8', '电子电路设计与工艺（工程设计）', '略'), ('9', '电子电路设计与工艺（对口单招）', '略'), ('10', '电子电路设计与工艺（品质管理）', '略'), ('11', '光电子技术', '略'), ('12', '微电子技术', '略'), ('13', '工业环保与安全技术', '略'), ('14', '应用韩语', '略'), ('15', '光电子', '略'), ('16', '电子电路设计与工艺', '略');
COMMIT;

-- ----------------------------
--  Table structure for `operate_log`
-- ----------------------------
DROP TABLE IF EXISTS `operate_log`;
CREATE TABLE `operate_log` (
  `log_id` bigint(20) NOT NULL AUTO_INCREMENT,
  `class` longtext COLLATE utf8_bin,
  `method` varchar(200) COLLATE utf8_bin DEFAULT NULL,
  `createtime` varchar(200) COLLATE utf8_bin DEFAULT NULL,
  `loglevel` varchar(20) COLLATE utf8_bin DEFAULT NULL,
  `logmsg` varchar(255) COLLATE utf8_bin DEFAULT NULL,
  `user_type` varchar(50) COLLATE utf8_bin DEFAULT NULL,
  `user_id` bigint(20) DEFAULT NULL,
  PRIMARY KEY (`log_id`)
) ENGINE=InnoDB DEFAULT CHARSET=utf8 COLLATE=utf8_bin;

-- ----------------------------
--  Table structure for `que_quebank`
-- ----------------------------
DROP TABLE IF EXISTS `que_quebank`;
CREATE TABLE `que_quebank` (
  `id` int(11) NOT NULL AUTO_INCREMENT,
  `questionnaire_id` int(11) DEFAULT NULL,
  `que_id` int(11) DEFAULT NULL,
  PRIMARY KEY (`id`),
  KEY `FK911780FF23021C3C` (`que_id`),
  KEY `FK911780FF93DD8D59` (`questionnaire_id`),
  CONSTRAINT `FK911780FF23021C3C` FOREIGN KEY (`que_id`) REFERENCES `question_bank` (`que_id`),
  CONSTRAINT `FK911780FF93DD8D59` FOREIGN KEY (`questionnaire_id`) REFERENCES `questionnaire` (`questionnaire_id`)
) ENGINE=InnoDB DEFAULT CHARSET=utf8 COLLATE=utf8_bin;

-- ----------------------------
--  Table structure for `que_type`
-- ----------------------------
DROP TABLE IF EXISTS `que_type`;
CREATE TABLE `que_type` (
  `que_type_id` int(11) NOT NULL AUTO_INCREMENT,
  `type_name` varchar(50) COLLATE utf8_bin DEFAULT NULL,
  PRIMARY KEY (`que_type_id`)
) ENGINE=InnoDB DEFAULT CHARSET=utf8 COLLATE=utf8_bin;

-- ----------------------------
--  Table structure for `question_bank`
-- ----------------------------
DROP TABLE IF EXISTS `question_bank`;
CREATE TABLE `question_bank` (
  `que_id` int(11) NOT NULL AUTO_INCREMENT,
  `que_type_id` int(11) DEFAULT NULL,
  `que_title` longtext COLLATE utf8_bin,
  `que_option` longtext COLLATE utf8_bin,
  `key_` varchar(100) COLLATE utf8_bin DEFAULT NULL,
  `recycle_bin` varchar(10) COLLATE utf8_bin DEFAULT NULL,
  PRIMARY KEY (`que_id`),
  KEY `FKC28E02F59FB10C1C` (`que_type_id`),
  CONSTRAINT `FKC28E02F59FB10C1C` FOREIGN KEY (`que_type_id`) REFERENCES `que_type` (`que_type_id`)
) ENGINE=InnoDB DEFAULT CHARSET=utf8 COLLATE=utf8_bin;

-- ----------------------------
--  Table structure for `questionnaire`
-- ----------------------------
DROP TABLE IF EXISTS `questionnaire`;
CREATE TABLE `questionnaire` (
  `questionnaire_id` int(11) NOT NULL AUTO_INCREMENT,
  `admin_id` int(11) DEFAULT NULL,
  `questionnaire_title` longtext COLLATE utf8_bin,
  `questionnaire_des` longtext COLLATE utf8_bin,
  `remarks` longtext COLLATE utf8_bin,
  `que_date` varchar(50) COLLATE utf8_bin DEFAULT NULL,
  PRIMARY KEY (`questionnaire_id`),
  KEY `FKC3610DA3EEB98CD9` (`admin_id`),
  CONSTRAINT `FKC3610DA3EEB98CD9` FOREIGN KEY (`admin_id`) REFERENCES `admin` (`admin_id`)
) ENGINE=InnoDB DEFAULT CHARSET=utf8 COLLATE=utf8_bin;

-- ----------------------------
--  Table structure for `resume`
-- ----------------------------
DROP TABLE IF EXISTS `resume`;
CREATE TABLE `resume` (
  `resume_id` int(100) NOT NULL COMMENT '个人履历id',
  `time_interval` varchar(20) DEFAULT NULL COMMENT '履历时间区间',
  `resume_title` varchar(100) DEFAULT NULL COMMENT '履历标题',
  `resume_desc` text COMMENT '履历描述',
  `resume_mark` varchar(50) DEFAULT NULL COMMENT '备注',
  `user_id` int(100) DEFAULT NULL COMMENT '用户id',
  PRIMARY KEY (`resume_id`),
  KEY `user_id` (`user_id`),
  KEY `user_id_2` (`user_id`)
) ENGINE=InnoDB DEFAULT CHARSET=utf8;

-- ----------------------------
--  Table structure for `stu_infor`
-- ----------------------------
DROP TABLE IF EXISTS `stu_infor`;
CREATE TABLE `stu_infor` (
  `stu_id` int(11) NOT NULL AUTO_INCREMENT,
  `classes_id` int(11) DEFAULT NULL,
  `doc_protitle_id` int(11) DEFAULT NULL,
  `tea_protitle_id` int(11) DEFAULT NULL,
  `major_id` int(11) DEFAULT NULL,
  `stu_num` varchar(50) COLLATE utf8_bin DEFAULT NULL,
  `stu_name` varchar(50) COLLATE utf8_bin DEFAULT NULL,
  `stu_jg` varchar(50) COLLATE utf8_bin DEFAULT NULL,
  `password` varchar(100) COLLATE utf8_bin DEFAULT NULL,
  `stu_work_place` varchar(50) COLLATE utf8_bin DEFAULT NULL,
  `stu_work_post` varchar(50) COLLATE utf8_bin DEFAULT NULL,
  `stu_work_address` varchar(50) COLLATE utf8_bin DEFAULT NULL,
  `stu_work_zc` varchar(50) COLLATE utf8_bin DEFAULT NULL,
  `stu_phone` varchar(50) COLLATE utf8_bin DEFAULT NULL,
  `stu_telephone` varchar(50) COLLATE utf8_bin DEFAULT NULL,
  `stu_qq` varchar(50) COLLATE utf8_bin DEFAULT NULL,
  `stu_comm_address` varchar(50) COLLATE utf8_bin DEFAULT NULL,
  `stu_address` varchar(50) COLLATE utf8_bin DEFAULT NULL,
  `stu_email` varchar(50) COLLATE utf8_bin DEFAULT NULL,
  `stu_sex` varchar(50) COLLATE utf8_bin DEFAULT NULL,
  `stu_start_time` varchar(50) COLLATE utf8_bin DEFAULT NULL,
  `stu_end_time` varchar(50) COLLATE utf8_bin DEFAULT NULL,
  `stu_photo_path` varchar(50) COLLATE utf8_bin DEFAULT NULL,
  `stu_sfzh` varchar(50) COLLATE utf8_bin DEFAULT NULL,
  `stu_nation` varchar(50) COLLATE utf8_bin DEFAULT NULL,
  `stu_birth` varchar(50) COLLATE utf8_bin DEFAULT NULL,
  `stu_postcode` varchar(20) COLLATE utf8_bin DEFAULT NULL,
  `last_xl` varchar(50) COLLATE utf8_bin DEFAULT NULL,
  `last_xw` varchar(50) COLLATE utf8_bin DEFAULT NULL,
  `sru_honour` varchar(255) COLLATE utf8_bin DEFAULT NULL,
  `stu_resume` varchar(255) COLLATE utf8_bin DEFAULT NULL,
  `stu_type` varchar(50) COLLATE utf8_bin DEFAULT NULL,
  `delete_type` varchar(1) COLLATE utf8_bin DEFAULT NULL,
  PRIMARY KEY (`stu_id`),
  KEY `FK8216DBB971D590EA` (`doc_protitle_id`),
  KEY `FK8216DBB9FAC02A9A` (`tea_protitle_id`),
  KEY `FK8216DBB9636065B9` (`classes_id`),
  KEY `FK8216DBB92A747C99` (`major_id`),
  CONSTRAINT `FK8216DBB92A747C99` FOREIGN KEY (`major_id`) REFERENCES `major` (`major_id`),
  CONSTRAINT `FK8216DBB9636065B9` FOREIGN KEY (`classes_id`) REFERENCES `classes` (`classes_id`),
  CONSTRAINT `FK8216DBB971D590EA` FOREIGN KEY (`doc_protitle_id`) REFERENCES `doc_protitle` (`doc_protitle_id`),
  CONSTRAINT `FK8216DBB9FAC02A9A` FOREIGN KEY (`tea_protitle_id`) REFERENCES `tea_protitle` (`tea_protitle_id`)
) ENGINE=InnoDB AUTO_INCREMENT=1151 DEFAULT CHARSET=utf8 COLLATE=utf8_bin;

-- ----------------------------
--  Records of `stu_infor`
-- ----------------------------
BEGIN;
INSERT INTO `stu_infor` VALUES ('696', '170', null, null, '14', '31251P41', '黄飞鸿', '', 'RrxfEwC0psCSV51nAYoTqw==', '', '', '', '', '', '15862265278', '903403127', '', '江苏省徐州泉山区中能科技园15号楼303室', '754494811@qq.com', '男', '2011-09-01', '2014-06-30', '0', '320323199306226018', '中国', '江苏徐州', '', '南京信息职业技术学院专科', '', '', '', '普通校友', '1'), ('697', '170', null, null, '14', '31251P40', '祝英平', '', '3Lp/6pI3jMq5I9nBaaa2uA==', '', '', '', '', '', '18606181847', '910721039', '', '江苏省徐州市沛县河口镇滕楼村99号', 'wqowe@qq.com', '女', '2011-09-01', '2014-06-30', '0', '430821199203057127', '中国', '江苏省徐州市沛县河口镇滕楼村99号', '', '南京信息职业技术学院专科', '', '', '', '普通校友', '1'), ('698', '170', null, null, '14', '31251P39', '赵昕彤', '', 'f+9E7SDfEOlThp7JG144uQ==', '', '', '', '', '', '13405837732', '1140144471', '', '江苏省镇江句容市后白镇二圣镇奇干村2号', '1140144471@qq.com', '女', '2011-09-01', '2014-06-30', '0', '321183199405124427', '中国', '江苏省镇江句容市后白镇二圣镇奇干村2号', '', '南京信息职业技术学院专科', '', '', '', '普通校友', '1'), ('699', '170', null, null, '14', '31251P38', '喻轶群', '', 'gGJbnur/PnqSiC4wxuG26g==', '', '', '', '', '', '15605187760', '360564684', '', '江苏省南通市崇山区天润家园18-406', '360564684@qq.com', '女', '2011-09-01', '2014-06-30', '0', '320611199401032140', '中国', '江苏省南通市崇山区天润家园18-406', '', '南京信息职业技术学院专科', '', '', '', '普通校友', '1'), ('700', '170', null, null, '14', '31251P37', '叶茜倩', '', '5AKq0T45f50iyTP8LcnfZA==', '', '', '', '', '', '18752038820', '284623727', '', '江苏省泰兴市新街镇孔叶村5组6号', '284623727@qq.com', '女', '2011-09-01', '2014-06-30', '0', '321283199406044221', '中国', '江苏省泰兴市新街镇孔叶村5组6号', '', '南京信息职业技术学院专科', '', '', '', '普通校友', '1'), ('701', '170', null, null, '14', '31251P36', '叶露', '', 'CkDihyHtzfv6Qfr0mi1ZZg==', '', '', '', '', '', '18752033668', '894311083', '', '江苏省南京市定淮门6号1幢204室', '894311083@qq.com', '女', '2011-09-01', '2014-06-30', '0', '320103199401251768', '中国', '江苏省南京市定淮门6号1幢204室', '', '南京信息职业技术学院专科', '', '', '', '普通校友', '1'), ('702', '170', null, null, '14', '31251P35', '杨雨丹', '', 'FMjdqWmV2wgqndqHC8yioQ==', '', '', '', '', '', '15651801233', '', '', '江苏省连云港市灌云县燕尾新区34栋1单元302室', '394874556@qq.com', '女', '2011-09-01', '2014-06-30', '0', '320723199405161223', '中国', '江苏省连云港市灌云县燕尾新区34栋1单元302室', '', '南京信息职业技术学院专科', '', '', '', '普通校友', '1'), ('703', '170', null, null, '14', '31251P34', '杨梦梦', '', 'ChPYfLK0Eg2SgbjRJ70Luw==', '', '', '', '', '', '18752037028', '535291357', '', '江苏省连云港市开发区中云藤花紫郡2-4-301', '535291357@qq.com', '女', '2011-09-01', '2014-06-30', '0', '320723199402062668', '中国', '江苏省连云港市开发区中云藤花紫郡2-4-301', '', '南京信息职业技术学院专科', '', '', '', '普通校友', '1'), ('704', '170', null, null, '14', '31251P33', '薛美琪', '', 'VXGHd/tpbcDQo/olSJKLfg==', '', '', '', '', '', '13260869256', '422494539', '', '江苏省南京市江宁区其林街道悦民南苑6幢403室', '422494539@qq.com', '女', '2011-09-01', '2014-06-30', '0', '320121199405094328', '中国', '江苏省南京市江宁区其林街道悦民南苑6幢403室', '', '南京信息职业技术学院专科', '', '', '', '普通校友', '1'), ('705', '170', null, null, '14', '31251P32', '许瑶', '', 'Gi8QrR2jCfSZfijMWZL/Bw==', '', '', '', '', '', '18252049407', '289807499', '', '江苏省扬州市江都龙都苑2幢202', '289807499@qq.com', '女', '2011-09-01', '2014-06-30', '0', '321088199412018522', '中国', '江苏省扬州市江都龙都苑2幢202', '', '南京信息职业技术学院专科', '', '', '', '普通校友', '1'), ('706', '170', null, null, '14', '31251P31', '相昀含', '', 'NThtf0TAVBQ6QgtcogYxuQ==', '', '', '', '', '', '18752037078', '1648318011', '', '江苏省连云港市赣榆县青口镇三新村三沟2组141号', '1648318011@qq.com', '女', '2011-09-01', '2014-06-30', '0', '320721199403200425', '中国', '江苏省连云港市赣榆县青口镇三新村三沟2组141号', '', '南京信息职业技术学院专科', '', '', '', '普通校友', '1'), ('707', '170', null, null, '14', '31251P30', '吴佳', '', 'N1pasEHqHwn0nPWJSXnFpA==', '', '', '', '', '', '13921316243', '944023605', '', '江苏省无锡市宜兴市和桥镇团结小区14幢74号楼302室', '944023605@qq.com', '女', '2011-09-01', '2014-06-30', '0', '320282199405016483', '中国', '江苏省无锡市宜兴市和桥镇团结小区14幢74号楼302室', '', '南京信息职业技术学院专科', '', '', '', '普通校友', '1'), ('708', '170', null, null, '14', '31251P29', '魏敏', '', 'PUAWGlYfWmbgTBSnKAU1ZQ==', '', '', '', '', '', '15651807199', '2650193536', '', '江苏省东台市三仓镇沙灶村11组', '2650193536@qq.com', '女', '2011-09-01', '2014-06-30', '0', '320981199311295962', '中国', '江苏省东台市三仓镇沙灶村11组', '', '南京信息职业技术学院专科', '', '', '', '普通校友', '1'), ('709', '170', null, null, '14', '31251P28', '王妍', '', 'vI1cWeLsfTVdFxOCD6qdFA==', '', '', '', '', '', '13852294205', '407339182', '', '江苏省南京市雨花台区雨花西路36号一栋3单元406', '407339182@qq.com', '女', '2011-09-01', '2014-06-30', '0', '320114199402221228', '中国', '江苏省南京市雨花台区雨花西路36号一栋3单元406', '', '南京信息职业技术学院专科', '', '', '', '普通校友', '1'), ('710', '170', null, null, '14', '31251P27', '王星玲', '', '7D0Nst5ZLq+lNsmtSRW4Fw==', '', '', '', '', '', '13222003129', '1255077447', '', '江苏扬州广陵区文昌花园60幢308室', '1255077447@qq.com', '女', '2011-09-01', '2014-06-30', '0', '321002199406297326', '中国', '江苏扬州广陵区文昌花园60幢308室', '', '南京信息职业技术学院专科', '', '', '', '普通校友', '1'), ('711', '170', null, null, '14', '31251P26', '王如月', '', 'xZVis+o9knR+QDwcAZqc+Q==', '', '', '', '', '', '15951866525', '1538963954', '', '江苏省连云港东海县南辰乡郑庄村一组', '1538963954@qq.com', '女', '2011-09-01', '2014-06-30', '0', '320722199305034247', '中国', '江苏省连云港东海县南辰乡郑庄村一组', '', '南京信息职业技术学院专科', '', '', '', '普通校友', '1'), ('712', '170', null, null, '14', '31251P25', '王楠楠', '', 'ftg4KpoxTEKhWpkpZIHElQ==', '', '', '', '', '', '18752036218', '360818216', '', '江苏省常州市聚和家园6-甲-202', '360818216@qq.com', '女', '2011-09-01', '2014-06-30', '0', '130433199204300021', '中国', '江苏省常州市聚和家园6-甲-202', '', '南京信息职业技术学院专科', '', '', '', '普通校友', '1'), ('713', '170', null, null, '14', '31251P24', '孙冉', '', 'XfMQYEVMpMSL8rC4nQKsTA==', '', '', '', '', '', '15651036119', '965208283', '', '江苏省邳州市运河镇三连公寓东100米对面秀妃养生馆', '965208283@qq.com', '女', '2011-09-01', '2014-06-30', '0', '320382199311203160', '中国', '江苏省邳州市运河镇三连公寓东100米对面秀妃养生馆', '', '南京信息职业技术学院专科', '', '', '', '普通校友', '1'), ('714', '170', null, null, '14', '31251P23', '孙锦凤', '', 'xCl+a7tc0zWJGY50AztYog==', '', '', '', '', '', '18752036832', '1450665191', '', '江苏省如皋市高明镇章庄村22组14号', '1450665191@qq.com', '女', '2011-09-01', '2014-06-30', '0', '320682199412155969', '中国', '江苏省如皋市高明镇章庄村22组14号', '', '南京信息职业技术学院专科', '', '', '', '普通校友', '1'), ('715', '170', null, null, '14', '31251P22', '缪雪宇', '', 'c9LlYHzPq3VaFOcr4UOt/Q==', '', '', '', '', '', '18752038812', '', '', '江苏省靖江市上海城淮海路17号', '837247405@qq.com', '女', '2011-09-01', '2014-06-30', '0', '321282199403040122', '中国', '江苏省靖江市上海城淮海路17号', '', '南京信息职业技术学院专科', '', '', '', '普通校友', '1'), ('716', '170', null, null, '14', '31251P21', '孟静', '', 'QJk6eA/cdoX6yFVFvmyRpA==', '', '', '', '', '', '18752036596', '863803545', '', '江苏省苏州市吴江市震泽镇新城花园28栋104', '863803545@qq.com', '女', '2011-09-01', '2014-06-30', '0', '320525199403021528', '中国', '江苏省苏州市吴江市震泽镇新城花园28栋104', '', '南京信息职业技术学院专科', '', '', '', '普通校友', '1'), ('717', '170', null, null, '14', '31251P20', '陆燕', '', '/cKOBSAiAMlxmsuItWxZzA==', '', '', '', '', '', '18752036608', '1363531068', '', '江苏省南通市港闸区民安花苑8栋106室', '1363531068@qq.com', '女', '2011-09-01', '2014-06-30', '0', '320611199402043124', '中国', '江苏省南通市港闸区民安花苑8栋106室', '', '南京信息职业技术学院专科', '', '', '', '普通校友', '1'), ('718', '170', null, null, '14', '31251P19', '柳晓红', '', 'W8Dmoa29Q6DIpg4T9/Jq9A==', '', '', '', '', '', '13770443122', '1007758774', '', '江苏省淮安市盱眙县明祖陵镇伏湖村29号', '1007758774@qq.com', '女', '2011-09-01', '2014-06-30', '0', '320830199105106686', '中国', '江苏省淮安市盱眙县明祖陵镇伏湖村29号', '', '南京信息职业技术学院专科', '', '', '', '普通校友', '1'), ('719', '170', null, null, '14', '31251P18', '刘兰琴', '', 'uI8ntW/ZJU29BcEwPRJdEg==', '', '', '', '', '', '13601909769', '499425482', '', '上海市宝山区华灵路1180弄61号302室', '499425482@qq.com', '女', '2011-09-01', '2014-06-30', '0', '321084199205144627', '中国', '上海市宝山区华灵路1180弄61号302室', '', '南京信息职业技术学院专科', '', '', '', '普通校友', '1'), ('720', '170', null, null, '14', '31251P17', '刘金红', '', 'T8kuM6VjC/mdh7mtfjNdnQ==', '', '', '', '', '', '18752038010', '563519614', '', '江苏淮安市楚州区博里镇南头村11组30号', '563519614@qq.com', '女', '2011-09-01', '2014-06-30', '0', '320882199109163246', '中国', '江苏淮安市楚州区博里镇南头村11组30号', '', '南京信息职业技术学院专科', '', '', '', '普通校友', '1'), ('721', '170', null, null, '14', '31251P16', '凌霞', '', 'rMswEzRGbi/YqzoCQEoJDw==', '', '', '', '', '', '18752037728', '253487364', '', '江苏省盱眙县黄花塘镇新街居委会高庄组40号', '1365958732@qq.com', '女', '2011-09-01', '2014-06-30', '0', '320830199211055640', '中国', '江苏省盱眙县黄花塘镇新街居委会高庄组40号', '', '南京信息职业技术学院专科', '', '', '', '普通校友', '1'), ('722', '170', null, null, '14', '31251P15', '凌佩云', '', 'yW9ODD4y9Q9Li8VvJ4WqzQ==', '', '', '', '', '', '15651038337', '565943431', '', '江苏省盐城市东台市凌东镇镇北新村2号教师楼104室', '565943431@qq.com', '女', '2011-09-01', '2014-06-30', '0', '320981199402221723', '中国', '江苏省盐城市东台市凌东镇镇北新村2号教师楼104室', '', '南京信息职业技术学院专科', '', '', '', '普通校友', '1'), ('723', '170', null, null, '14', '31251P14', '凌玲', '', '5LAP++OxPdQnTI3PddtOWA==', '', '', '', '', '', '15651039186', '1228405498', '', '江苏省宿迁市沭阳县悦来镇沟涯村圩里组', '1228405498@qq.com', '女', '2011-09-01', '2014-06-30', '0', '321322199002248888', '中国', '江苏省宿迁市沭阳县悦来镇沟涯村圩里组', '', '南京信息职业技术学院专科', '', '', '', '普通校友', '1'), ('724', '170', null, null, '14', '31251P13', '姜雯', '', 'V4QP08rD2sLfFR6XItNMBw==', '', '', '', '', '', '18751869807', '237631667', '', '江苏省扬州高邮市汉留镇四组', '237631667@qq.com', '女', '2011-09-01', '2014-06-30', '0', '321084199309192623', '中国', '江苏省扬州高邮市汉留镇四组', '', '南京信息职业技术学院专科', '', '', '', '普通校友', '1'), ('725', '170', null, null, '14', '31251P12', '黄晓冬', '', 'nkBWwDjr/vjRJ6KqpUsvkA==', '', '', '', '', '', '18752033611', '765806307', '', '江苏省南京市建邺区雨润大街双和园12幢603室', '765806307@qq.com', '女', '2011-09-01', '2014-06-30', '0', '320105199310031826', '中国', '江苏省南京市建邺区雨润大街双和园12幢603室', '', '南京信息职业技术学院专科', '', '', '', '普通校友', '1'), ('726', '170', null, null, '14', '31251P11', '郝琳琳', '', 'qvOZcKP33qmDJLHP6Xtx/A==', '', '', '', '', '', '15651038501', '229445385', '', '江苏扬州广陵区新仓巷37-23号', '229445385@qq.com', '女', '2011-09-01', '2014-06-30', '0', '321002199402016427', '中国', '江苏扬州广陵区新仓巷37-23号', '', '南京信息职业技术学院专科', '', '', '', '普通校友', '1'), ('727', '170', null, null, '14', '31251P10', '郭子童', '', 'blcO5qvRiMxjr87qI6ktOw==', '', '', '', '', '', '13222258844', '434812134', '', '江苏省昆山市水秀路景秀苑6号楼401室', '434812134@qq.com', '女', '2011-09-01', '2014-06-30', '0', '321084199301275221', '中国', '江苏省昆山市水秀路景秀苑6号楼401室', '', '南京信息职业技术学院专科', '', '', '', '普通校友', '1'), ('728', '170', null, null, '14', '31251P09', '郭薇', '', 'HyH6T1TKBa8Lm7Xpx8k5CA==', '', '', '', '', '', '13057525882', '906695930', '', '江苏省徐州市沛县敬安镇闫楼村243号', '906695930@qq.com', '女', '2011-09-01', '2014-06-30', '0', '320322199409216545', '中国', '江苏省徐州市沛县敬安镇闫楼村243号', '', '南京信息职业技术学院专科', '', '', '', '普通校友', '1'), ('729', '170', null, null, '14', '31251P08', '冯玉盘', '', 'LEPPFwqXyKBd7j9kMrVpkw==', '', '', '', '', '', '18752038798', '851752329', '', '江苏泰州兴化市昭阳花园3幢202室', 'yupan.1314@qq.com', '女', '2011-09-01', '2014-06-30', '0', '321281199306280187', '中国', '江苏泰州兴化市昭阳花园3幢202室', '', '南京信息职业技术学院专科', '', '', '', '普通校友', '1'), ('730', '170', null, null, '14', '31251P07', '董晶', '', 'yf24ldujc5E9p9Bf95FHww==', '', '', '', '', '', '13626215816', '805421645', '', '江苏省盐城市亭湖区新洋袁庄村7组89号', '805421645@qq.com', '女', '2011-09-01', '2014-06-30', '0', '320902199309103049', '中国', '江苏省盐城市亭湖区新洋袁庄村7组89号', '', '南京信息职业技术学院专科', '', '', '', '普通校友', '1'), ('731', '170', null, null, '14', '31251P06', '单世华', '', 'If8EVaLw3ti1aY8BxqxNGg==', '', '', '', '', '', '18752038128', '1178686084', '', '江苏省盐城市阜宁县条河3号楼2单元503室', '1178686084@qq.com', '女', '2011-09-01', '2014-06-30', '0', '320923199401280023', '中国', '江苏省盐城市阜宁县条河3号楼2单元503室', '', '南京信息职业技术学院专科', '', '', '', '普通校友', '1'), ('732', '170', null, null, '14', '31251P05', '陈星', '', '1WAIBTCySurd7r+Io9koxA==', '', '', '', '', '', '18751869601', '535902659', '', '江苏省徐州市沛县龙骨镇三河尖矿工人村', '535902659@qq.com', '女', '2011-09-01', '2014-06-30', '0', '320304199402024927', '中国', '江苏省徐州市沛县龙骨镇三河尖矿工人村', '', '南京信息职业技术学院专科', '', '', '', '普通校友', '1'), ('733', '170', null, null, '14', '31251P04', '陈平平', '', 'DSWGCkNOZ6n6l2MXichUrg==', '', '', '', '', '', '13072551086', '594134925', '', '江苏省淮安市涟水县钡工村合心组1号', '594134925@qq.com', '女', '2011-09-01', '2014-06-30', '0', '320826199410062822', '中国', '江苏省淮安市涟水县钡工村合心组1号', '', '南京信息职业技术学院专科', '', '', '', '普通校友', '1'), ('734', '170', null, null, '14', '31251P03', '陈晶鑫', '', 'EHyo7bmBM2i3rP7lHu0ZVA==', '', '', '', '', '', '13270832157', '', '', '江苏省无锡宜兴市张渚镇犊山村老棚27号', '734372614@qq.com', '女', '2011-09-01', '2014-06-30', '0', '320282199401072605', '中国', '江苏省无锡宜兴市张渚镇犊山村老棚27号', '', '南京信息职业技术学院专科', '', '', '', '普通校友', '1'), ('735', '170', null, null, '14', '31251P02', '陈晨', '', 'OB5g869GxUOcKtp0dayMaA==', '', '', '', '', '', '', '', '', '江苏省南京市鼓楼区归云堂4号三单元702室', '', '女', '2011-09-01', '2014-06-30', '0', '320829199401061026', '中国', '江苏省南京市鼓楼区归云堂4号三单元702室', '', '南京信息职业技术学院专科', '', '', '', '普通校友', '1'), ('736', '170', null, null, '14', '31251P01', '包慧', '', '34H6imvQp7QcCIflfnjqKQ==', '', '', '', '', '', '18752038790', '786238272', '', '浙江省桐乡市梧桐街道城新小区28号', '786238272@qq.com', '女', '2011-09-01', '2014-06-30', '0', '321281199506192907', '中国', '浙江省桐乡市梧桐街道城新小区28号', '', '南京信息职业技术学院专科', '', '', '', '普通校友', '1'), ('737', '169', null, null, '13', '31241P39', '周宇骁', '', '+dzxMYx2cQlZEKfw+GfebA==', '', '', '', '', '', '15380826359', '2277328971', '', '江苏省溧阳市竹箦镇马家山村9号', '2277328971@163.com', '男', '2011-09-01', '2014-06-30', '0', '320481199412315435', '中国', '江苏省溧阳市竹箦镇马家山村9号', '', '南京信息职业技术学院专科', '', '', '', '普通校友', '1'), ('738', '169', null, null, '13', '31241P38', '周秋阳', '', 'mGa2bEV5tOqSs3JPyALpVA==', '', '', '', '', '', '', '1215632812', '', '', '', '女', '2011-09-01', '2014-06-30', '0', '32070519940914353X', '中国', '', '', '南京信息职业技术学院专科', '', '', '', '普通校友', '1'), ('739', '169', null, null, '13', '31241P37', '张兵', '', '0XEraKhZxR6paN0ItY1mOQ==', '', '', '', '', '', '', '464120936', '', '', '', '女', '2011-09-01', '2014-06-30', '0', '320323199303210272', '中国', '', '', '南京信息职业技术学院专科', '', '', '', '普通校友', '1'), ('740', '169', null, null, '13', '31241P36', '于志阳', '', 'Hb7jewa8f2wUFp+WpbIFdw==', '', '', '', '', '', '18752036798', '1572386424', '', '江苏省如皋市赵元村22组', '1572386424@qq.com', '男', '2011-09-01', '2014-06-30', '0', '320682199404173892', '中国', '江苏省如皋市赵元村22组', '', '南京信息职业技术学院专科', '', '', '', '普通校友', '1'), ('741', '169', null, null, '13', '31241P35', '吴达伟', '', 'yawMXJg8ycaBzhuFy5UDbg==', '', '', '', '', '', '18052098269', '296646568', '', '江苏省东台市台东镇北海村五组1号', '296646568@qq.com', '男', '2011-09-01', '2014-06-30', '0', '320981199312070714', '中国', '江苏省东台市台东镇北海村五组1号', '', '南京信息职业技术学院专科', '', '', '', '普通校友', '1'), ('742', '169', null, null, '13', '31241P34', '王涛', '', 'HD2gkbjk/+mkIXDIEdgdKw==', '', '', '', '', '', '13626266309', '524462016', '', '江苏省丹阳市开发区', '524462016@qq.com', '男', '2011-09-01', '2014-06-30', '0', '321181199405168611', '中国', '江苏省丹阳市开发区', '', '南京信息职业技术学院专科', '', '', '', '普通校友', '1'), ('743', '169', null, null, '13', '31241P33', '王锦阳', '', 'QzEm427D36NtxBvGjgGMGQ==', '', '', '', '', '', '15862980808', '904872968', '', '江苏省镇江市新区', '904872968@qq.com', '男', '2011-09-01', '2014-06-30', '0', '321111199407304219', '中国', '江苏省镇江市新区', '', '南京信息职业技术学院专科', '', '', '', '普通校友', '1'), ('744', '169', null, null, '13', '31241P32', '唐锐', '', 'E+CpbZSgdWSS6TJ6OAJ6VQ==', '', '', '', '', '', '15651037871', '935458781', '', '江苏省淮安市洪泽县', '925458781@qq.com', '男', '2011-09-01', '2014-06-30', '0', '320829199307280011', '中国', '江苏省淮安市洪泽县', '', '南京信息职业技术学院专科', '', '', '', '普通校友', '1'), ('745', '169', null, null, '13', '31241P31', '施昊', '', 'c977Js0oyASTYonS9/GjGA==', '', '', '', '', '', '15651039081', '', '', '江苏省靖江市东兴镇惠龙村前公盛圩49号', '1051827698@qq.com', '男', '2011-09-01', '2014-06-30', '0', '321282199407025018', '中国', '江苏省靖江市东兴镇惠龙村前公盛圩49号', '', '南京信息职业技术学院专科', '', '', '', '普通校友', '1'), ('746', '169', null, null, '13', '31241P30', '盛迪迪', '', 'VOpMY5u/ynfkRZKcYQ2YqQ==', '', '', '', '', '', '15651037303', '1144317136', '', '江苏省连云港市东海县红庄镇', '1144317136@qq.com', '男', '2011-09-01', '2014-06-30', '0', '320722199305206010', '中国', '江苏省连云港市东海县红庄镇', '', '南京信息职业技术学院专科', '', '', '', '普通校友', '1'), ('747', '169', null, null, '13', '31241P29', '陆少威', '', 'Z6f/fDM8W7BnqMOQI1PsdA==', '', '', '', '', '', '18962872766', '1294784610', '', '江苏省海门市沛岩村19组', '1294784610@qq。com35', '男', '2011-09-01', '2014-06-30', '0', '320684199308195410', '中国', '江苏省海门市沛岩村19组', '', '南京信息职业技术学院专科', '', '', '', '普通校友', '1'), ('748', '169', null, null, '13', '31241P28', '李桑春', '', 'y9p4t0/O19jUWxWGn4yIGQ==', '', '', '', '', '', '15651036760', '1462146098', '', '江苏省如东县洋口镇杨楝园村九组65-1号', '1462146098@qq.com', '男', '2011-09-01', '2014-06-30', '0', '320623199303314879', '中国', '江苏省如东县洋口镇杨楝园村九组65-1号', '', '南京信息职业技术学院专科', '', '', '', '普通校友', '1'), ('749', '169', null, null, '13', '31241P27', '戴鹏程', '', 'N7pGotxz2MfLCkZsW+rBnw==', '', '', '', '', '', '18252017199', '736001294', '', '江苏省镇江市', '736001294@qq.com', '男', '2011-09-01', '2014-06-30', '0', '321182199404291411', '中国', '江苏省镇江市', '', '南京信息职业技术学院专科', '', '', '', '普通校友', '1'), ('750', '169', null, null, '13', '31241P26', '禇佳伟', '', 'ilnsAO0UMD4ior2DEdJwYA==', '', '', '', '', '', '13057551368', '491423262', '', '江苏省宜兴市', '491423262@qq.com', '男', '2011-09-01', '2014-06-30', '0', '320282199304081411', '中国', '江苏省宜兴市', '', '南京信息职业技术学院专科', '', '', '', '普通校友', '1'), ('751', '169', null, null, '13', '31241P25', '陈诗昊', '', 'Mt4q0BvhdPu8KzhIIhsI3w==', '', '', '', '', '', '15366197083', '', '', '江苏省淮安市清河区', '596346355@QQ。com', '男', '2011-09-01', '2014-06-30', '0', '320802199310031518', '中国', '江苏省淮安市清河区', '', '南京信息职业技术学院专科', '', '', '', '普通校友', '1'), ('752', '169', null, null, '13', '31241P24', '张苑苑', '', '4jbxGn/+ea+ufHmRROBHcQ==', '', '', '', '', '', '15651806357', '1396574870', '', '江苏省南京市江宁区丹阳镇', '1396574870@qq.com', '女', '2011-09-01', '2014-06-30', '0', '320121199409172928', '中国', '江苏省南京市江宁区丹阳镇', '', '南京信息职业技术学院专科', '', '', '', '普通校友', '1'), ('753', '169', null, null, '13', '31241P23', '张雅楠', '', 'isjBWIABWIMXpqB7PaLuKg==', '', '', '', '', '', '15651990859', '1078553811', '', '江苏省南京市栖霞区尧化门尧石二村60幢一单元501', '1078553811@qq.com', '女', '2011-09-01', '2014-06-30', '0', '410421199602181525', '中国', '江苏省南京市栖霞区尧化门尧石二村60幢一单元501', '', '南京信息职业技术学院专科', '', '', '', '普通校友', '1'), ('754', '169', null, null, '13', '31241P22', '徐娟', '', 'hVtZs3haI3tt3z/UGTt8Bw==', '', '', '', '', '', '18051016460', '747098887', '', '江苏省镇江市京口区健康路17号61栋208室', '747098887@qq.com', '女', '2011-09-01', '2014-06-30', '0', '371323199408025225', '中国', '江苏省镇江市京口区健康路17号61栋208室', '', '南京信息职业技术学院专科', '', '', '', '普通校友', '1'), ('755', '169', null, null, '13', '31241P21', '徐晨', '', 'b7/jJbVXr9ZLx9zChx1+uQ==', '', '', '', '', '', '15861811045', '916969453', '', '江苏省盐城市城西新村2区94号', '916969453@qq.com', '女', '2011-09-01', '2014-06-30', '0', '320911199406258620', '中国', '江苏省盐城市城西新村2区94号', '', '南京信息职业技术学院专科', '', '', '', '普通校友', '1'), ('756', '169', null, null, '13', '31241P20', '韦颖雯', '', 'G9KXoyoVbIKnnjJqlq139A==', '', '', '', '', '', '18705168554', '2444979355', '', '江苏省镇江市上党镇上党街', '2444979355@qq.com', '女', '2011-09-01', '2014-06-30', '0', '321121199309145122', '中国', '江苏省镇江市上党镇上党街', '', '南京信息职业技术学院专科', '', '', '', '普通校友', '1'), ('757', '169', null, null, '13', '31241P19', '王云', '', '3eAmvAbIBxr0N+iP151r+w==', '', '', '', '', '', '15905171449', '879985300', '', '江苏省南京市溧水县和凤镇张家自然村西112号', '1161837508@qq.com', '女', '2011-09-01', '2014-06-30', '0', '32118319920615384X', '中国', '江苏省南京市溧水县和凤镇张家自然村西112号', '', '南京信息职业技术学院专科', '', '', '', '普通校友', '1'), ('758', '169', null, null, '13', '31241P18', '王思颖', '', 'BKMrOpZOMKkKbtLhZBJ8aQ==', '', '', '', '', '', '18752033770', '752185429', '', '江苏省栖霞区', '752185429@qq.com', '女', '2011-09-01', '2014-06-30', '0', '320113199401015629', '中国', '江苏省栖霞区', '', '南京信息职业技术学院专科', '', '', '', '普通校友', '1'), ('759', '169', null, null, '13', '31241P17', '王蕾', '', 'm/BaTQSZ6ac0EGtUPUdqCA==', '', '', '', '', '', '15651038901', '772471415', '', '江苏省镇江市京口区', '772471415@qq.com', '女', '2011-09-01', '2014-06-30', '0', '32110219940305632x', '中国', '江苏省镇江市京口区', '', '南京信息职业技术学院专科', '', '', '', '普通校友', '1'), ('760', '169', null, null, '13', '31241P16', '汪咪', '', 'DzOOPJ+A5MxoTdevTzIOkQ==', '', '', '', '', '', '18752035528', '836974505', '', '江苏省徐州市丰县范楼镇汪洼村四组', '836974505@qq.com', '女', '2011-09-01', '2014-06-30', '0', '320321199110102109', '中国', '江苏省徐州市丰县范楼镇汪洼村四组', '', '南京信息职业技术学院专科', '', '', '', '普通校友', '1'), ('761', '169', null, null, '13', '31241P15', '孙煜瑾', '', '55EEEN6EdVvUAl6KTcKGLg==', '', '', '', '', '', '15651031362', '1241693397', '', '江苏省南京市江宁区东方花园6幢302室', '1241693397@qq.com', '女', '2011-09-01', '2014-06-30', '0', '320121199407300041', '中国', '江苏省南京市江宁区东方花园6幢302室', '', '南京信息职业技术学院专科', '', '', '', '普通校友', '1'), ('762', '169', null, null, '13', '31241P14', '孙玲玲', '', 'J6TugAnqQosfHn0CaWQQSQ==', '', '', '', '', '', '18115468209', '2418602909', '', '江苏省泰兴市古溪镇皂桥村红旗二组', '2418602909@qq.com', '女', '2011-09-01', '2014-06-30', '0', '321283199401272049', '中国', '江苏省泰兴市古溪镇皂桥村红旗二组', '', '南京信息职业技术学院专科', '', '', '', '普通校友', '1'), ('763', '169', null, null, '13', '31241P13', '荣思佳', '', 'KttxLoTQlwTiYrsm4HtnYw==', '', '', '', '', '', '18120141543', '1051954599', '', '江苏省兴化市楚水湾雅居11幢405室', '1051954599@qq.com', '女', '2011-09-01', '2014-06-30', '0', '321281199305050662', '中国', '江苏省兴化市楚水湾雅居11幢405室', '', '南京信息职业技术学院专科', '', '', '', '普通校友', '1'), ('764', '169', null, null, '13', '31241P12', '陆娟', '', '4NT0j/ivs/8vvNCZiWNJzw==', '', '', '', '', '', '15651718202', '724705086', '', '江苏省启东市寅阳镇寅北村16组48号', '724705086@qq.com', '女', '2011-09-01', '2014-06-30', '0', '320681199307174424', '中国', '江苏省启东市寅阳镇寅北村16组48号', '', '南京信息职业技术学院专科', '', '', '', '普通校友', '1'), ('765', '169', null, null, '13', '31241P11', '刘月', '', 'X2idcmVEJwBnm5A2x2SdPQ==', '', '', '', '', '', '13260852376', '63567779', '', '江苏省宝应县西安丰镇', '2391205489@qq.com', '女', '2011-09-01', '2014-06-30', '0', '321023199310283108', '中国', '江苏省宝应县西安丰镇', '', '南京信息职业技术学院专科', '', '', '', '普通校友', '1'), ('766', '169', null, null, '13', '31241P10', '李田田', '', 'UqYlS3gmq4qHYOuDZ1GWjg==', '', '', '', '', '', '15651030296', '1210532375', '', '江苏省南京市浦口区盘城镇盘东50号', '1210532375@qq.com', '女', '2011-09-01', '2014-06-30', '0', '321321199401205467', '中国', '江苏省南京市浦口区盘城镇盘东50号', '', '南京信息职业技术学院专科', '', '', '', '普通校友', '1'), ('767', '169', null, null, '13', '31241P09', '贾孜垚', '', 'PmvYys4I4hAt/+88htfXkw==', '', '', '', '', '', '18752033696', '408369407', '', '江苏省南京市鼓楼区', '408369407@qq.c0m', '女', '2011-09-01', '2014-06-30', '0', '320106199311251229', '中国', '江苏省南京市鼓楼区', '', '南京信息职业技术学院专科', '', '', '', '普通校友', '1'), ('768', '169', null, null, '13', '31241P08', '黄露露', '', 'I6EgBIcgxZsmHsC/x7DzoQ==', '', '', '', '', '', '18252011740', '2545544873', '', '江苏省淮安市涟水县大东镇', '2545544873qq,com', '女', '2011-09-01', '2014-06-30', '0', '320826199407140623', '中国', '江苏省淮安市涟水县大东镇', '', '南京信息职业技术学院专科', '', '', '', '普通校友', '1'), ('769', '169', null, null, '13', '31241P07', '黄佳艳', '', 'lnRI/JL7cHB7zzBTk49gqw==', '', '', '', '', '', '15651778816', '284986671', '', '江苏省海门市通源新村803幢607室', '284986671@qq,com', '女', '2011-09-01', '2014-06-30', '0', '320684199405042168', '中国', '江苏省海门市通源新村803幢607室', '', '南京信息职业技术学院专科', '', '', '', '普通校友', '1'), ('770', '169', null, null, '13', '31241P06', '胡雪冬', '', 'and+OuuQHcT09Ldg+1xDwA==', '', '', '', '', '', '15651035823', '1402075213', '', '江苏省徐州县睢宁县庆安镇', '1402075213@qq.com', '女', '2011-09-01', '2014-06-30', '0', '320324199402192328', '中国', '江苏省徐州县睢宁县庆安镇', '', '南京信息职业技术学院专科', '', '', '', '普通校友', '1'), ('771', '169', null, null, '13', '31241P05', '何洁', '', 'y3HNa1ASths2ji3q/HCX3g==', '', '', '', '', '', '15651039062', '', '', '江苏省靖江市孤山镇常胜村潘家井7号', '806032426@qq.com', '女', '2011-09-01', '2014-06-30', '0', '321282199501163249', '中国', '江苏省靖江市孤山镇常胜村潘家井7号', '', '南京信息职业技术学院专科', '', '', '', '普通校友', '1'), ('772', '169', null, null, '13', '31241P04', '龚星星', '', 'adscIrCHoumrBtuFLZPsBQ==', '', '', '', '', '', '15951966591', '864872453', '', '江苏省淮安市楚州区范集镇新街23号', '864872453@qq.com', '女', '2011-09-01', '2014-06-30', '0', '320829199304220849', '中国', '江苏省淮安市楚州区范集镇新街23号', '', '南京信息职业技术学院专科', '', '', '', '普通校友', '1'), ('773', '169', null, null, '13', '31241P03', '甘月霞', '', 'FEPIBRn7sYX50+2x59jCbQ==', '', '', '', '', '', '15601598691', '1132447793', '', '江苏省扬州市广陵区', '1132447793@qq,com', '女', '2011-09-01', '2014-06-30', '0', '320882199112094704', '中国', '江苏省扬州市广陵区', '', '南京信息职业技术学院专科', '', '', '', '普通校友', '1'), ('774', '169', null, null, '13', '31241P02', '陈昕', '', '1fIkiW+JeVpe+fPV0aRBSw==', '', '', '', '', '', '18625182028', '360973579', '', '江苏省南京市秦淮区13幢61号101室', 'baojiayou@qq.com', '女', '2011-09-01', '2014-06-30', '0', '320104199403030826', '中国', '江苏省南京市秦淮区13幢61号101室', '', '南京信息职业技术学院专科', '', '', '', '普通校友', '1'), ('775', '169', null, null, '13', '31241P01', '蔡雨楠', '', 'liVZKH8jSwZzp9mHYs1m1w==', '', '', '', '', '', '18101509072', '2300434886', '', '江苏省常州市新北区春江镇前舍村委西蔡村5号', '2300434886@qq.com', '女', '2011-09-01', '2014-06-30', '0', '320483199411296626', '中国', '江苏省常州市新北区春江镇前舍村委西蔡村5号', '', '南京信息职业技术学院专科', '', '', '', '普通校友', '1'), ('776', '168', null, null, '12', '31231P47', '邹宇豪', '', 'FysbhZw4/t8LqamOFSe3SQ==', '', '', '', '', '', '18767680398', '1210722857', '', '江苏省丹阳市埤城镇邹家村47号', '1210722857@qq.com', '男', '2011-09-01', '2014-06-30', '0', '321181199402027012', '中国', '江苏省丹阳市埤城镇邹家村47号', '', '南京信息职业技术学院专科', '', '', '', '普通校友', '1'), ('777', '168', null, null, '12', '31231P46', '邹强', '', '3N51Z/t+Dtp378rJy8AP8w==', '', '', '', '', '', '15366199809', '1050244876', '', '安徽省亳州市谯城区沙土镇范庄9号', '1050244876@qq.com', '男', '2011-09-01', '2014-06-30', '0', '341281199101146551', '中国', '安徽省亳州市谯城区沙土镇范庄9号', '', '南京信息职业技术学院专科', '', '', '', '普通校友', '1'), ('778', '168', null, null, '12', '31231P45', '张震', '', 'ctDZYGkSMVpcWZhYKMNO7g==', '', '', '', '', '', '18761685872', '2274350084', '', '安徽省宣城市宣州区开元小区8栋205室', '2274350084@qq.com', '男', '2011-09-01', '2014-06-30', '0', '342501199312220796', '中国', '安徽省宣城市宣州区开元小区8栋205室', '', '南京信息职业技术学院专科', '', '', '', '普通校友', '1'), ('779', '168', null, null, '12', '31231P43', '张晓鹏', '', '4+Dg2Gi5F1rE8luG3RXa1A==', '', '', '', '', '', '13335690903', '1107607285', '', '安徽省黄山市屯溪区新柏家园4幢207室', '1107607285@qq.com', '男', '2011-09-01', '2014-06-30', '0', '341002199401040410', '中国', '安徽省黄山市屯溪区新柏家园4幢207室', '', '南京信息职业技术学院专科', '', '', '', '普通校友', '1'), ('780', '168', null, null, '12', '31231P42', '张露洁', '', 'qr+iT95yJEwrwSugSmrb/A==', '', '', '', '', '', '15380825235', '2481621763', '', '安徽省太和县三塔镇东王村委会西王63号', '2481621763@qq.com', '男', '2011-09-01', '2014-06-30', '0', '341222199501096813', '中国', '安徽省太和县三塔镇东王村委会西王63号', '', '南京信息职业技术学院专科', '', '', '', '普通校友', '1'), ('781', '168', null, null, '12', '31231P41', '余武警', '', 'CdCB2sJUPU5mRNibxx1HcQ==', '', '', '', '', '', '15055732941', '654821285', '', '安徽省灵壁县娄庄镇韩刘村大余庄201号', '654821285@qq.com', '男', '2011-09-01', '2014-06-30', '0', '342224199011200490', '中国', '安徽省灵壁县娄庄镇韩刘村大余庄201号', '', '南京信息职业技术学院专科', '', '', '', '普通校友', '1'), ('782', '168', null, null, '12', '31231P40', '余立飞', '', 'M9PDv8Pr8V2HgDKC0Sh5cw==', '', '', '', '', '', '15601587817', '444347322', '', '河南省信阳市潢川县张集乡吴集村街', '444347322@qq.com', '男', '2011-09-01', '2014-06-30', '0', '411526199207244811', '中国', '河南省信阳市潢川县张集乡吴集村街', '', '南京信息职业技术学院专科', '', '', '', '普通校友', '1'), ('783', '168', null, null, '12', '31231P39', '闫朝建', '', 'UHnxfhLAYjkbNUn4om696g==', '', '', '', '', '', '15261891225', '1229444242', '', '江苏省连云港市赣榆县，城西镇朱堵乡二高村57号', '1229444242@qq.com', '男', '2011-09-01', '2014-06-30', '0', '320721199203060237', '中国', '江苏省连云港市赣榆县，城西镇朱堵乡二高村57号', '', '南京信息职业技术学院专科', '', '', '', '普通校友', '1'), ('784', '168', null, null, '12', '31231P38', '许蒙杰', '', '0krE0tpV/4ZVjyay6A/U8A==', '', '', '', '', '', '18626459395', '519848721', '', '河南省洛阳市老城区民主街81号', '519848721@qq.com', '男', '2011-09-01', '2014-06-30', '0', '410322199403270833', '中国', '河南省洛阳市老城区民主街81号', '', '南京信息职业技术学院专科', '', '', '', '普通校友', '1'), ('785', '168', null, null, '12', '31231P37', '徐啸洲', '', 'wiYLMvfNBbX0TZBMfA+lhg==', '', '', '', '', '', '18761685908', '1040813092', '', '安徽省池州市东至县东流镇长江路步行街27号', '1040813092@qq.com', '男', '2011-09-01', '2014-06-30', '0', '342921199403234015', '中国', '安徽省池州市东至县东流镇长江路步行街27号', '', '南京信息职业技术学院专科', '', '', '', '普通校友', '1'), ('786', '168', null, null, '12', '31231P36', '谢荣', '', 'FDl9uB8qkdCClIEReNao1A==', '', '', '', '', '', '18020107636', '1845985454', '', '江苏省泰兴市南新镇西河村8组2号', '1845985454@qq.com', '男', '2011-09-01', '2014-06-30', '0', '321283199209304215', '中国', '江苏省泰兴市南新镇西河村8组2号', '', '南京信息职业技术学院专科', '', '', '', '普通校友', '1'), ('787', '168', null, null, '12', '31231P35', '吴士飞', '', 'Y21uSZ2dg6PsMQEwYnTOSw==', '', '', '', '', '', '15605152365', '790253401', '', '江苏省徐州市邳州市戴圩镇王场村十组454号', '790253401@qq.com', '男', '2011-09-01', '2014-06-30', '0', '320382199210090718', '中国', '江苏省徐州市邳州市戴圩镇王场村十组454号', '', '南京信息职业技术学院专科', '', '', '', '普通校友', '1'), ('788', '168', null, null, '12', '31231P34', '韦杨', '', 'kSkD05vzcj+u8XGTAigL2g==', '', '', '', '', '', '18761685368', '1021788511', '', '安徽省滁州市来安县威尼斯花园小区 ', '1021788511@qq.com', '男', '2011-09-01', '2014-06-30', '0', '341122199401044017', '中国', '安徽省滁州市来安县威尼斯花园小区 ', '', '南京信息职业技术学院专科', '', '', '', '普通校友', '1'), ('789', '168', null, null, '12', '31231P33', '王勇剑', '', 'XTsFZTA9gxYMVyIlni2rjg==', '', '', '', '', '', '15605152171', '1076466839', '', '河南省固始县黎集镇', '1076466839@qq.com', '男', '2011-09-01', '2014-06-30', '0', '413026199212125176', '中国', '河南省固始县黎集镇', '', '南京信息职业技术学院专科', '', '', '', '普通校友', '1'), ('790', '168', null, null, '12', '31231P32', '王朋', '', 'qJ/WlaoDeKenMvTij2a6WA==', '', '', '', '', '', '15605176270', '744340384', '', '河南省邓州市陈桥村', '980788017@qq.com', '男', '2011-09-01', '2014-06-30', '0', '411381199003197156', '中国', '河南省邓州市陈桥村', '', '南京信息职业技术学院专科', '', '', '', '普通校友', '1'), ('791', '168', null, null, '12', '31231P31', '王攀登', '', 'kMvWWaUZa8la9oiWLfP7XQ==', '', '', '', '', '', '15366199862', '921951503', '', ' 安徽省宿州市灵璧县大庙乡王海村三组', '921951503@qq.com', '男', '2011-09-01', '2014-06-30', '0', '342224199303121612', '中国', ' 安徽省宿州市灵璧县大庙乡王海村三组', '', '南京信息职业技术学院专科', '', '', '', '普通校友', '1'), ('792', '168', null, null, '12', '31231P30', '陀扬权', '', 'uZQ64vgcqsf+8cY5FkKstA==', '', '', '', '', '', '18761687798', '349633972', '', '广西壮族自治区贺州市八步区大平乡古那村231号', '343633972@qq.com', '男', '2011-09-01', '2014-06-30', '0', '45240219930106451x', '中国', '广西壮族自治区贺州市八步区大平乡古那村231号', '', '南京信息职业技术学院专科', '', '', '', '普通校友', '1'), ('793', '168', null, null, '12', '31231P29', '史晓旭', '', 'SsTfppkZBaboYvl3X39Jmw==', '', '', '', '', '', '18052097681', '981443490', '', '河南省南阳市卧龙区车站南路221号', '981443490@qq.com', '男', '2011-09-01', '2014-06-30', '0', '411303199308261519', '中国', '河南省南阳市卧龙区车站南路221号', '', '南京信息职业技术学院专科', '', '', '', '普通校友', '1'), ('794', '168', null, null, '12', '31231P28', '钱文强', '', 'QSNP6kgNYSlVpSln6KuPpg==', '', '', '', '', '', '18052097621', '1140402767', '', '河南省周口市郸城县钱店镇陈庄行政村孙庄072号', '1140402767@qq.com', '男', '2011-09-01', '2014-06-30', '0', '412726199108246231', '中国', '河南省周口市郸城县钱店镇陈庄行政村孙庄072号', '', '南京信息职业技术学院专科', '', '', '', '普通校友', '1'), ('795', '168', null, null, '12', '31231P27', '裴黎明', '', 'WB3IsFnDHIc4JvKGb7KVtg==', '', '', '', '', '', '18752032300', '', '', '河南省卢氏县汤河乡梧鸣沟村', '1335359444@qq.com', '男', '2011-09-01', '2014-06-30', '0', '411224199302023217', '中国', '河南省卢氏县汤河乡梧鸣沟村', '', '南京信息职业技术学院专科', '', '', '', '普通校友', '1'), ('796', '168', null, null, '12', '31231P26', '潘成成', '', 'hxyy+Uh0EURuB9iJs97OOg==', '', '', '', '', '', '15605175885', '942429103', '', '河南省信阳市光山县新时代花园广场6栋十号', '942429103@qq.com', '男', '2011-09-01', '2014-06-30', '0', '411522199212237514', '中国', '河南省信阳市光山县新时代花园广场6栋十号', '', '南京信息职业技术学院专科', '', '', '', '普通校友', '1'), ('797', '168', null, null, '12', '31231P24', '吉玉加', '', 'YXBkkZRpt336DQM/EoqYrg==', '', '', '', '', '', '13270889517', '1255228365', '', '江苏省连云港市灌云县东王集乡杨圩村7组', '1255228365@qq.com', '男', '2011-09-01', '2014-06-30', '0', '320723199305133815', '中国', '江苏省连云港市灌云县东王集乡杨圩村7组', '', '南京信息职业技术学院专科', '', '', '', '普通校友', '1'), ('798', '168', null, null, '12', '31231P23', '胡雨楼', '', 'vjPfm3KZu19Qk0H7xR6vaQ==', '', '', '', '', '', '13855953314', '1079136139', '', '安徽省黄山市屯溪区延安路75号1栋', 'hyulou@live.cn', '男', '2011-09-01', '2014-06-30', '0', '341002199312031037', '中国', '安徽省黄山市屯溪区延安路75号1栋', '', '南京信息职业技术学院专科', '', '', '', '普通校友', '1'), ('799', '168', null, null, '12', '31231P21', '何勇奎', '', 'FeNhvdmC7wcppqKCUCRMrw==', '', '', '', '', '', '18761685556', '2357317601', '', '安徽省明光市女山湖镇冯鄂村438号', '2357317601@qq.com', '男', '2011-09-01', '2014-06-30', '0', '341182199111211610', '中国', '安徽省明光市女山湖镇冯鄂村438号', '', '南京信息职业技术学院专科', '', '', '', '普通校友', '1'), ('800', '168', null, null, '12', '31231P20', '郝楠', '', '6Oq2ZaLVYHCXxsJW/1E4Cw==', '', '', '', '', '', '18753602468', '786705007', '', '安徽省安庆市怀宁县石牌镇原公路局1号2栋203室', '786703007@qq.com', '男', '2011-09-01', '2014-06-30', '0', '340822199403215817', '中国', '安徽省安庆市怀宁县石牌镇原公路局1号2栋203室', '', '南京信息职业技术学院专科', '', '', '', '普通校友', '1'), ('801', '168', null, null, '12', '31231P19', '韩鑫岗', '', 'hRuAMayBx3FT15O5E57J7A==', '', '', '', '', '', '18752032298', '1141360218', '', '河南省三门峡市卢氏县汤河乡大坪村', '1312908259@qq.com', '男', '2011-09-01', '2014-06-30', '0', '411224199206063219', '中国', '河南省三门峡市卢氏县汤河乡大坪村', '', '南京信息职业技术学院专科', '', '', '', '普通校友', '1'), ('802', '168', null, null, '12', '31231P18', '韩乾', '', 'kwlJhdMzQCX09hXSuZVGxA==', '', '', '', '', '', '13062567820', '2842308598', '', '江苏省海安县城东镇韩洋村22号', '2842308598@qq.com', '男', '2011-09-01', '2014-06-30', '0', '320621199406262618', '中国', '江苏省海安县城东镇韩洋村22号', '', '南京信息职业技术学院专科', '', '', '', '普通校友', '1'), ('803', '168', null, null, '12', '31231P17', '顾昊', '', 'YQvERat4TCApNsci5sAthw==', '', '', '', '', '', '13057550968', '724878371', '', '江苏省宜兴市丁蜀镇化机新村100栋508室', '7248724878371@qq.com', '男', '2011-09-01', '2014-06-30', '0', '320282199403301117', '中国', '江苏省宜兴市丁蜀镇化机新村100栋508室', '', '南京信息职业技术学院专科', '', '', '', '普通校友', '1'), ('804', '168', null, null, '12', '31231P16', '高源', '', 'xTJtOOTD7oCFqKjIxfLTyg==', '', '', '', '', '', '18020117385', '673068101', '', '江苏省淮安市金湖县戴楼镇楼庄村六组2号', '673068101@qq.com', '男', '2011-09-01', '2014-06-30', '0', '320830199111145411', '中国', '江苏省淮安市金湖县戴楼镇楼庄村六组2号', '', '南京信息职业技术学院专科', '', '', '', '普通校友', '1'), ('805', '168', null, null, '12', '31231P15', '程东哲', '', 'L34JoO34ph08RnoD77jPPg==', '', '', '', '', '', '13782834589', '', '', '河南省焦作市温县武德镇文昌街6号', '362333083@qq。com', '男', '2011-09-01', '2014-06-30', '0', '410825199305045516', '中国', '河南省焦作市温县武德镇文昌街6号', '', '南京信息职业技术学院专科', '', '', '', '普通校友', '1'), ('806', '168', null, null, '12', '31231P14', '陈书勤', '', 'MQ4S0VpaCncUml7TMOdUtg==', '', '', '', '', '', '18761687772', '2321046479', '', '广西贵港市港北区武乐乡水石村余屋屯6号', '2321046479@qq.com', '男', '2011-09-01', '2014-06-30', '0', '45080219931008781X', '中国', '广西贵港市港北区武乐乡水石村余屋屯6号', '', '南京信息职业技术学院专科', '', '', '', '普通校友', '1'), ('807', '168', null, null, '12', '31231P13', '常攀', '', '2NUC7QXG7UW2/ULEcmOEqQ==', '', '', '', '', '', '15225252107', '2535644202', '', '河南省永城市黄口乡胡庄村', '2516880101@qq.com', '男', '2011-09-01', '2014-06-30', '0', '411481199210016077', '中国', '河南省永城市黄口乡胡庄村', '', '南京信息职业技术学院专科', '', '', '', '普通校友', '1'), ('808', '168', null, null, '12', '31231P12', '柏本勇', '', 'yPimHMH/VRwPATtP1Ap8RA==', '', '', '', '', '', '15366193321', '156698065', '', '安徽省和县新城佳苑2栋203室', '156698065@qq.com', '男', '2011-09-01', '2014-06-30', '0', '342626199310054117', '中国', '安徽省和县新城佳苑2栋203室', '', '南京信息职业技术学院专科', '', '', '', '普通校友', '1'), ('809', '168', null, null, '12', '31231P11', '张丽娜', '', 'T4Ro/4HsB3mmF/BWGe7PWA==', '', '', '', '', '', '18051016469', '719686074', '', '安徽省蚌埠市怀远县城关镇新庄村146号', '714686074@qq.com', '女', '2011-09-01', '2014-06-30', '0', '340321199204182780', '中国', '安徽省蚌埠市怀远县城关镇新庄村146号', '', '南京信息职业技术学院专科', '', '', '', '普通校友', '1'), ('810', '168', null, null, '12', '31231P10', '张傲雪', '', '+oxLWR4KJvBdHn0AxkjY8Q==', '', '', '', '', '', '18761685398', '944698857', '', '安徽省滁州市全椒县港口路梨园巷20号', '944698857@qq.com', '女', '2011-09-01', '2014-06-30', '0', '341124199301100029', '中国', '安徽省滁州市全椒县港口路梨园巷20号', '', '南京信息职业技术学院专科', '', '', '', '普通校友', '1'), ('811', '168', null, null, '12', '31231P09', '尹至立', '', 'rvS9K60dZzealCCViBjpyg==', '', '', '', '', '', '18761680318', '839440333', '', '江苏省丹阳市云阳镇北基村4号', '839440333@qq.com', '女', '2011-09-01', '2014-06-30', '0', '321181199403283202', '中国', '江苏省丹阳市云阳镇北基村4号', '', '南京信息职业技术学院专科', '', '', '', '普通校友', '1'), ('812', '168', null, null, '12', '31231P08', '姚银辉', '', 'V1k7rLUrKgePFi3iCuBqFg==', '', '', '', '', '', '15605173639', '2228134689', '', '河南省周口市杨庙乡北街行政村姚拐村126号', '2228134689@qq.com', '女', '2011-09-01', '2014-06-30', '0', '411627199206011524', '中国', '河南省周口市杨庙乡北街行政村姚拐村126号', '', '南京信息职业技术学院专科', '', '', '', '普通校友', '1'), ('813', '168', null, null, '12', '31231P07', '许云雪', '', 'WLCY7C9VeSTKa9zOB4YqtA==', '', '', '', '', '', '18767685519', '2264358291', '', '安徽省明光市涧溪镇刘岗村郭北组24号', '2264358291@qq.com', '女', '2011-09-01', '2014-06-30', '0', '341182199503102683', '中国', '安徽省明光市涧溪镇刘岗村郭北组24号', '', '南京信息职业技术学院专科', '', '', '', '普通校友', '1'), ('814', '168', null, null, '12', '31231P06', '李云青', '', '781CCg3OKpuAijI85iTBbA==', '', '', '', '', '', '18761668165', '873919292', '', '江苏省淮安市淮阴区袁集乡53号', '873919292@qq.com', '女', '2011-09-01', '2014-06-30', '0', '32082119930128490X', '中国', '江苏省淮安市淮阴区袁集乡53号', '', '南京信息职业技术学院专科', '', '', '', '普通校友', '1'), ('815', '168', null, null, '12', '31231P05', '雷若雪', '', 'BJ6aw7Ws+zvVJl91AqnTRg==', '', '', '', '', '', '15605172696', '125702468', '', '河南省三门峡市南山公馆5栋17楼2号', '125702468@qq.com', '女', '2011-09-01', '2014-06-30', '0', '411202199301091527', '中国', '河南省三门峡市南山公馆5栋17楼2号', '', '南京信息职业技术学院专科', '', '', '', '普通校友', '1'), ('816', '168', null, null, '12', '31231P04', '靳男男', '', 'NSRhJVku3LHev9+eJkAQgA==', '', '', '', '', '', '15651789889', '409170739', '', '安徽省阜阳市颍上县慎城镇三八村154号', '409170739@qq.com', '女', '2011-09-01', '2014-06-30', '0', '341226199410164740', '中国', '安徽省阜阳市颍上县慎城镇三八村154号', '', '南京信息职业技术学院专科', '', '', '', '普通校友', '1'), ('817', '168', null, null, '12', '31231P03', '胡清棉', '', 'KcfjJlLv2xb1YivR4l3uMw==', '', '', '', '', '', '13057559368', '904278679', '', '安徽省黄山市歙县小川乡小洲村红二组', '904278679@qq.com', '女', '2011-09-01', '2014-06-30', '0', '34102119930420980X', '中国', '安徽省黄山市歙县小川乡小洲村红二组', '', '南京信息职业技术学院专科', '', '', '', '普通校友', '1'), ('818', '168', null, null, '12', '31231P02', '薄琼楠', '', '+jmtJzkpWMqPiycYgZeepw==', '', '', '', '', '', '18761667668', '', '', '江苏省连云港市东海县石榴镇新庄村五组', '291664087@qq.com', '女', '2011-09-01', '2014-06-30', '0', '32072219920506086X', '中国', '江苏省连云港市东海县石榴镇新庄村五组', '', '南京信息职业技术学院专科', '', '', '', '普通校友', '1'), ('819', '168', null, null, '12', '31231P01', '包晓梦', '', 'FsMTvJUz9Hu6r+DcnLoIew==', '', '', '', '', '', '15605175856', '451802746', '', '河南省信阳市罗山县潘新镇仙桥村', '451802746@qq.com', '女', '2011-09-01', '2014-06-30', '0', '411521199303198948', '中国', '河南省信阳市罗山县潘新镇仙桥村', '', '南京信息职业技术学院专科', '', '', '', '普通校友', '1'), ('820', '167', null, null, '15', '31223P44', '章晓虎', '', '/E/3830u6P18SUSOsNvMug==', '', '', '', '', '', '13382097053', '963437703', '', '江苏省南京市浦口区落桥村大院子24号', '963437703@qq.com', '男', '2011-09-01', '2014-06-30', '0', '320111199404264812', '中国', '江苏省南京市浦口区落桥村大院子24号', '', '南京信息职业技术学院专科', '', '', '', '普通校友', '1'), ('821', '167', null, null, '15', '31223P43', '张强', '', 'UmmfmkTRtJKs6RMfim8ZYg==', '', '', '', '', '', '18052098795', '1648194686', '', '江苏省沛县张庄镇于淹村206号', '', '男', '2011-09-01', '2014-06-30', '0', '320322199404155915', '中国', '江苏省沛县张庄镇于淹村206号', '', '南京信息职业技术学院专科', '', '', '', '普通校友', '1'), ('822', '167', null, null, '15', '31223P42', '张超', '', 'd4qCLXxspU+JGUCipkDQnQ==', '', '', '', '', '', '15651790897', '572707075', '', '江苏省沭阳县银河双语小区11号三单元503', '572707075@qq.com', '男', '2011-09-01', '2014-06-30', '0', '321322199407230010', '中国', '江苏省沭阳县银河双语小区11号三单元503', '', '南京信息职业技术学院专科', '', '', '', '普通校友', '1'), ('823', '167', null, null, '15', '31223P41', '袁伟杰', '', 'CvEi9LjcCJ9C8kZMgKm0Jg==', '', '', '', '', '', '15312922237', '1036544803', '', '江苏省海安县曲塘镇章郭村9组85号', '1036544803@qq.com', '男', '2011-09-01', '2014-06-30', '0', '32062119931105471X', '中国', '江苏省海安县曲塘镇章郭村9组85号', '', '南京信息职业技术学院专科', '', '', '', '普通校友', '1'), ('824', '167', null, null, '15', '31223P40', '严凯', '', 'VY87bH8XBW2vikXuKGLbMA==', '', '', '', '', '', '1326073230', '1512394673', '', '江苏省靖江市季市镇东街83号', '1512394673@qq.com', '男', '2011-09-01', '2014-06-30', '0', '321282199212023012', '中国', '江苏省靖江市季市镇东街83号', '', '南京信息职业技术学院专科', '', '', '', '普通校友', '1'), ('825', '167', null, null, '15', '31223P39', '宣彪', '', 'M+fdWoWlpt9Wprp/XrX5Dg==', '', '', '', '', '', '18020118005', '1002881371', '', '江苏镇江丹阳市新桥春晓楼7402', '1002883171@qq.com', '男', '2011-09-01', '2014-06-30', '0', '342425199402135216', '中国', '江苏镇江丹阳市新桥春晓楼7402', '', '南京信息职业技术学院专科', '', '', '', '普通校友', '1'), ('826', '167', null, null, '15', '31223P38', '王遥', '', 'y0cNfdIVUv56vw41svkKDg==', '', '', '', '', '', '18761661311', '512646253', '', '江苏省徐州市泉山区民安园5#6-201室', '512646253@qq.com', '男', '2011-09-01', '2014-06-30', '0', '320304199401052459', '中国', '江苏省徐州市泉山区民安园5#6-201室', '', '南京信息职业技术学院专科', '', '', '', '普通校友', '1'), ('827', '167', null, null, '15', '31223P37', '王翔', '', '5AYzaEAsRgJ/Bk48kF1YKQ==', '', '', '', '', '', '18761668585', '453179449', '', '江苏省淮安市金湖县衡阳路104号', '453179449@qq.com', '男', '2011-09-01', '2014-06-30', '0', '320831199410120210', '中国', '江苏省淮安市金湖县衡阳路104号', '', '南京信息职业技术学院专科', '', '', '', '普通校友', '1'), ('828', '167', null, null, '15', '31223P36', '王健宇', '', 'xYyvILew+GLrSu1z7bqH0g==', '', '', '', '', '', '18761662763', '1713550463', '', '江苏省徐州市睢宁县睢城镇王小楼村94号', '1713550463@qq.com', '男', '2011-09-01', '2014-06-30', '0', '320324199303200310', '中国', '江苏省徐州市睢宁县睢城镇王小楼村94号', '', '南京信息职业技术学院专科', '', '', '', '普通校友', '1'), ('829', '167', null, null, '15', '31223P35', '王剑', '', '4fUAtPMbK8RvA24W6Cy+GQ==', '', '', '', '', '', '15380825063', '1094902411', '', '江苏省南通市海安县曲塘镇花庄村七组', '1094902411@qq.com', '男', '2011-09-01', '2014-06-30', '0', '320621199403050513', '中国', '江苏省南通市海安县曲塘镇花庄村七组', '', '南京信息职业技术学院专科', '', '', '', '普通校友', '1'), ('830', '167', null, null, '15', '31223P34', '涂鹏', '', '7JiC3YsW4XhPJp93NZBOzQ==', '', '', '', '', '', '13222005115', '925223434', '', '江苏省海安县海安镇林桥村十二组68号', '925223434@qq.com', '男', '2011-09-01', '2014-06-30', '0', '320621199307264116', '中国', '江苏省海安县海安镇林桥村十二组68号', '', '南京信息职业技术学院专科', '', '', '', '普通校友', '1'), ('831', '167', null, null, '15', '31223P33', '陶京生', '', 'pkkdDMmcGWCvt5x0UBd6Zg==', '', '', '', '', '', '18052099365', '1450127820', '', '江苏省赣榆县黑林镇东康邑陶店子村一队104', '1450127820@qq.com', '男', '2011-09-01', '2014-06-30', '0', '320721199305183633', '中国', '江苏省赣榆县黑林镇东康邑陶店子村一队104', '', '南京信息职业技术学院专科', '', '', '', '普通校友', '1'), ('832', '167', null, null, '15', '31223P32', '苏明星', '', 'YvDwzE8gE9MKLAFquF77YQ==', '', '', '', '', '', '18013860072', '877872248', '', '江苏省无锡市春华路国际一花园35号202', '877872248·全球', '男', '2011-09-01', '2014-06-30', '0', '321281199301232418', '中国', '江苏省无锡市春华路国际一花园35号202', '', '南京信息职业技术学院专科', '', '', '', '普通校友', '1'), ('833', '167', null, null, '15', '31223P31', '沈峰华', '', 'hl6hWgRdgufP7mbM5MtS9A==', '', '', '', '', '', '18761668527', '1228019004', '', '江苏省金湖县富兴花园7栋二单元302', '1228019004@qq。com', '男', '2011-09-01', '2014-06-30', '0', '320831199311164234', '中国', '江苏省金湖县富兴花园7栋二单元302', '', '南京信息职业技术学院专科', '', '', '', '普通校友', '1'), ('834', '167', null, null, '15', '31223P30', '钱玉贵', '', 'nJzgEhsbmujDrCYpc4hSkw==', '', '', '', '', '', '15601587802', '821532118', '', '江苏省南京市高淳县阳江镇一字村钱家30号', '821532118@qq。com', '男', '2011-09-01', '2014-06-30', '0', '320125199407021531', '中国', '江苏省南京市高淳县阳江镇一字村钱家30号', '', '南京信息职业技术学院专科', '', '', '', '普通校友', '1'), ('835', '167', null, null, '15', '31223P29', '倪浩鹏', '', 'ifpCkHNRiRlrT4rKmqkfOA==', '', '', '', '', '', '18761665908', '1175971394', '', '江苏省如东县袁庄镇铁果门村五组104号', '1175971394@qq.com', '男', '2011-09-01', '2014-06-30', '0', '320623199403236070', '中国', '江苏省如东县袁庄镇铁果门村五组104号', '', '南京信息职业技术学院专科', '', '', '', '普通校友', '1'), ('836', '167', null, null, '15', '31223P28', '毛凯', '', '/JPMlIvvp1ejuyzMfYlqqw==', '', '', '', '', '', '13236362750', '1242516014', '', '江苏省丹阳市访仙镇访仙村肖家村32号', '1242516014@qq.com', '男', '2011-09-01', '2014-06-30', '0', '321181199205186014', '中国', '江苏省丹阳市访仙镇访仙村肖家村32号', '', '南京信息职业技术学院专科', '', '', '', '普通校友', '1'), ('837', '167', null, null, '15', '31223P27', '马忠思', '', 'e0gf/F3xqp9ZQ1lU0u1ZUA==', '', '', '', '', '', '18761661528', '1625045144', '', '徐州丰县常店镇常店村1组112号', '1419782886@qq.com', '男', '2011-09-01', '2014-06-30', '0', '320321199304193416', '中国', '徐州丰县常店镇常店村1组112号', '', '南京信息职业技术学院专科', '', '', '', '普通校友', '1'), ('838', '167', null, null, '15', '31223P26', '刘泽东', '', 'MxMpIUObniQRb/Xl/AV7cQ==', '', '', '', '', '', '15651796179', '130571201', '', '江苏省淮安市盱眙县马坝镇南阳村17号', '130571201@qq.com', '男', '2011-09-01', '2014-06-30', '0', '320830199209105418', '中国', '江苏省淮安市盱眙县马坝镇南阳村17号', '', '南京信息职业技术学院专科', '', '', '', '普通校友', '1'), ('839', '167', null, null, '15', '31223P25', '李信', '', 'Dq379TtYKlwCgU/u/iD+Kg==', '', '', '', '', '', '15651797532', '1136417422', '', '江苏省宝应县安宜镇刘堡村赵庄组42号', '1136417422@qq.com', '男', '2011-09-01', '2014-06-30', '0', '321023199303035210', '中国', '江苏省宝应县安宜镇刘堡村赵庄组42号', '', '南京信息职业技术学院专科', '', '', '', '普通校友', '1'), ('840', '167', null, null, '15', '31223P24', '蒋书山', '', 'WBzWtPr78aui1e8X3K7ciA==', '', '', '', '', '', '18761681018', '2455601705', '', '南京市浦口区江浦街道西水湾32栋', '2455601705@qq.com', '男', '2011-09-01', '2014-06-30', '0', '320122199111204436', '中国', '南京市浦口区江浦街道西水湾32栋', '', '南京信息职业技术学院专科', '', '', '', '普通校友', '1'), ('841', '167', null, null, '15', '31223P23', '黄云鹏', '', 'szZRTUiaTpojQ+38g2zQMQ==', '', '', '', '', '', '18761661228', '245171998', '', '江苏省宜兴市新庄街道核心村社渎212号', '245171998@qq.com', '男', '2011-09-01', '2014-06-30', '0', '320282199305297812', '中国', '江苏省宜兴市新庄街道核心村社渎212号', '', '南京信息职业技术学院专科', '', '', '', '普通校友', '1'), ('842', '167', null, null, '15', '31223P22', '郭新', '', 'Ynt4waDMetUc84ZMXwpAkA==', '', '', '', '', '', '15952016385', '', '', '南京市江宁区宏远大道山水方舟雅苑28幢', '313902178@qq.com', '男', '2011-09-01', '2014-06-30', '0', '320105199310091634', '中国', '南京市江宁区宏远大道山水方舟雅苑28幢', '', '南京信息职业技术学院专科', '', '', '', '普通校友', '1'), ('843', '167', null, null, '15', '31223P21', '干志超', '', 'J67Hmi80kOYjDqTqtcZKuA==', '', '', '', '', '', '18761668398', '1075794613', '', '江苏省盱眙县河桥镇蒋郢村阴排组19号', '1075794613@qq.com', '男', '2011-09-01', '2014-06-30', '0', '320830199110062411', '中国', '江苏省盱眙县河桥镇蒋郢村阴排组19号', '', '南京信息职业技术学院专科', '', '', '', '普通校友', '1'), ('844', '167', null, null, '15', '31223P20', '付春根', '', '2xytH4lYUK9femp/HY9JLA==', '', '', '', '', '', '18012933523', '1131091456', '', '南京市溧水区白马镇大树下张家山村29号', 'fachgen@163.com', '男', '2011-09-01', '2014-06-30', '0', '320124199307120018', '中国', '南京市溧水区白马镇大树下张家山村29号', '', '南京信息职业技术学院专科', '', '', '', '普通校友', '1'), ('845', '167', null, null, '15', '31223P19', '冯光磊', '', 'byx7WzG6IUWwswUZJXftXQ==', '', '', '', '', '', '15195447335', '496407471', '', '江苏省句容市华阳镇建新村36懂1单元202', '496407471@qq.com', '男', '2011-09-01', '2014-06-30', '0', '321183199409225532', '中国', '江苏省句容市华阳镇建新村36懂1单元202', '', '南京信息职业技术学院专科', '', '', '', '普通校友', '1'), ('846', '167', null, null, '15', '31223P18', '储德保', '', 'bgIfdK2p7++1slv1nOjm5A==', '', '', '', '', '', '15380839315', '507529299', '', '江苏省句容市白兔镇柏巷村', '507529299@QQ.com', '男', '2011-09-01', '2014-06-30', '0', '321183199401082610', '中国', '江苏省句容市白兔镇柏巷村', '', '南京信息职业技术学院专科', '', '', '', '普通校友', '1'), ('847', '167', null, null, '15', '31223P17', '成胜', '', 'jQ79WBQxg+4LVlhcf8wXmg==', '', '', '', '', '', '18761669178', '522948224', '', '江苏省盐城市射阳县临海镇二垛居委会二组56号', 'chfs123456@foxmail.com', '男', '2011-09-01', '2014-06-30', '0', '320924199206250677', '中国', '江苏省盐城市射阳县临海镇二垛居委会二组56号', '', '南京信息职业技术学院专科', '', '', '', '普通校友', '1'), ('848', '167', null, null, '15', '31223P16', '陈正道', '', 'sceCVU2gduhyN5z0HsoKfg==', '', '', '', '', '', '15651795960', '2374960226', '', '江苏省淮安市楚州区苏嘴镇吴码村八组390号', '2374960226@qq.com', '男', '2011-09-01', '2014-06-30', '0', '32088219940103381X', '中国', '江苏省淮安市楚州区苏嘴镇吴码村八组390号', '', '南京信息职业技术学院专科', '', '', '', '普通校友', '1'), ('849', '167', null, null, '15', '31223P15', '陈鹏', '', 'h1EKDRj4B6C7P4lOCNDtMg==', '', '', '', '', '', '18761668808', '937584317', '', '江苏省淮安市淮安区马甸镇二堡村西李组9号', '937584317@qq.com', '男', '2011-09-01', '2014-06-30', '0', '320882199303161850', '中国', '江苏省淮安市淮安区马甸镇二堡村西李组9号', '', '南京信息职业技术学院专科', '', '', '', '普通校友', '1'), ('850', '167', null, null, '15', '31223P14', '陈浩', '', 'wSdza2hllrUffbj4B2Vagg==', '', '', '', '', '', '15366199896', '364036625', '', '江苏省张家港市杨舍镇西湖苑17幢204', '364036625@qq.com', '男', '2011-09-01', '2014-06-30', '0', '320582199402069113', '中国', '江苏省张家港市杨舍镇西湖苑17幢204', '', '南京信息职业技术学院专科', '', '', '', '普通校友', '1'), ('851', '167', null, null, '15', '31223P13', '陈程', '', 'wFfWGQgBQrBHSBweaMkhnQ==', '', '', '', '', '', '15605167015', '819350936', '', '江苏省邳州市运河镇华山路金港新村1幢508室', '819350936@qq.com', '男', '2011-09-01', '2014-06-30', '0', '320382199402190019', '中国', '江苏省邳州市运河镇华山路金港新村1幢508室', '', '南京信息职业技术学院专科', '', '', '', '普通校友', '1'), ('852', '167', null, null, '15', '31223P12', '陈晨', '', 'mKdDsjJwp3O+/zuQuaLpxA==', '', '', '', '', '', '13270704958', '951321625', '', '江苏省南通市崇川区郭里园新村157幢704室', '951321625@qq.com', '男', '2011-09-01', '2014-06-30', '0', '320602199407250513', '中国', '江苏省南通市崇川区郭里园新村157幢704室', '', '南京信息职业技术学院专科', '', '', '', '普通校友', '1'), ('853', '167', null, null, '15', '31223P11', '张黎明', '', 'RHsIeFR0/ohHyQow4Pkfkg==', '', '', '', '', '', '18761669520', '1414655342', '', '江苏省东台市秦东镇苏庄村四组', '1414655342@qq.com', '女', '2011-09-01', '2014-06-30', '0', '320981199402051728', '中国', '江苏省东台市秦东镇苏庄村四组', '', '南京信息职业技术学院专科', '', '', '', '普通校友', '1'), ('854', '167', null, null, '15', '31223P10', '徐芸芸', '', 'B4LdKgRrQ+iCfNp7c+dN+A==', '', '', '', '', '', '18761660918', '', '', '江苏省无锡市锡山区安镇镇查桥春光苑27门201', '548786050@qq.com', '女', '2011-09-01', '2014-06-30', '0', '320283199404240228', '中国', '江苏省无锡市锡山区安镇镇查桥春光苑27门201', '', '南京信息职业技术学院专科', '', '', '', '普通校友', '1'), ('855', '167', null, null, '15', '31223P09', '王郅娴', '', 'S8zOZUHLcUBdVNf+bbXSig==', '', '', '', '', '', '18761680202', '', '', '江苏省镇江新区大港紫竹苑4栋201', '410695695@qq.com', '女', '2011-09-01', '2014-06-30', '0', '321101199404234427', '中国', '江苏省镇江新区大港紫竹苑4栋201', '', '南京信息职业技术学院专科', '', '', '', '普通校友', '1'), ('856', '167', null, null, '15', '31223P08', '王晓琴', '', 'izDY56QJ1Hp+85IFWHM1nw==', '', '', '', '', '', '18761665856', '1149594081', '', '江苏省海安县曲塘镇中桥村24组49号', '1149594081@qq.com', '女', '2011-09-01', '2014-06-30', '0', '320621199210084928', '中国', '江苏省海安县曲塘镇中桥村24组49号', '', '南京信息职业技术学院专科', '', '', '', '普通校友', '1'), ('857', '167', null, null, '15', '31223P07', '汤萍', '', 'hdQPPpnUoyD0wR+UjaQU2w==', '', '', '', '', '', '13260719981', '541022894', '', '江苏省丹阳市万善园一村五幢二单元302室', '541022894@qq.com', '女', '2011-09-01', '2014-06-30', '0', '321181199401132849', '中国', '江苏省丹阳市万善园一村五幢二单元302室', '', '南京信息职业技术学院专科', '', '', '', '普通校友', '1'), ('858', '167', null, null, '15', '31223P06', '倪桂玲', '', '5HEZ5kPzByMaQWHSJImYlg==', '', '', '', '', '', '18051016417', '2310247673', '', '江苏省东海县驼峰乡杨大庄3 -40号', '2310247673@qq.com', '女', '2011-09-01', '2014-06-30', '0', '32072219930724124X', '中国', '江苏省东海县驼峰乡杨大庄3 -40号', '', '南京信息职业技术学院专科', '', '', '', '普通校友', '1'), ('859', '167', null, null, '15', '31223P05', '刘青', '', 'wXqY3AfQC8kaELYF1BM7lg==', '', '', '', '', '', '18751869136', '', '', '江苏省盐城市阜宁县公兴镇公兴居委会二组31号', '1395520162@qq.com', '女', '2011-09-01', '2014-06-30', '0', '320923199306165721', '中国', '江苏省盐城市阜宁县公兴镇公兴居委会二组31号', '', '南京信息职业技术学院专科', '', '', '', '普通校友', '1'), ('860', '167', null, null, '15', '31223P04', '刘锦秀', '', 'dyZI9Rr32bxPnIZcoDNOuw==', '', '', '', '', '', '18761667968', '1346731321', '', '江苏省连云港灌云县伊山镇刘庄村', '1346731321@qq.com', '女', '2011-09-01', '2014-06-30', '0', '320723199312064627', '中国', '江苏省连云港灌云县伊山镇刘庄村', '', '南京信息职业技术学院专科', '', '', '', '普通校友', '1'), ('861', '167', null, null, '15', '31223P03', '黄碧莹', '', 'BVn6wugJrxXVZ4a0Ico8AA==', '', '', '', '', '', '18761680228', '1260103476', '', '江苏省镇江市丹徒区宝堰镇万兴庄103号', '1260103476@qq.com', '女', '2011-09-01', '2014-06-30', '0', '321121199407105925', '中国', '江苏省镇江市丹徒区宝堰镇万兴庄103号', '', '南京信息职业技术学院专科', '', '', '', '普通校友', '1'), ('862', '167', null, null, '15', '31223P02', '冯亮', '', '25dZgZQX3M7h9fXQPpTKpw==', '', '', '', '', '', '18751867526', '1067849484', '', '江苏省海安县墩头镇新舍村41组45号', '548786050@qq.com', '女', '2011-09-01', '2014-06-30', '0', '320621199308308328', '中国', '江苏省海安县墩头镇新舍村41组45号', '', '南京信息职业技术学院专科', '', '', '', '普通校友', '1'), ('863', '167', null, null, '15', '31223P01', '董文萍', '', 'Iiw27r0Xc9EKiLrPgeJgpA==', '', '', '', '', '', '15366197991', '1477662569', '', '江苏省徐州市沛县栖山镇董楼9号', '1477662569@qq.com', '女', '2011-09-01', '2014-06-30', '0', '32322199408231161', '中国', '江苏省徐州市沛县栖山镇董楼9号', '', '南京信息职业技术学院专科', '', '', '', '普通校友', '1'), ('864', '166', null, null, '11', '31222P45', '朱齐锋', '', 'K5WiygC8WS4D/EJeWxSgKg==', '', '', '', '', '', '15380839507', '1065038509', '', '江苏省海门市东灶港镇红中村三十二组48号', '1065038509@qq.com', '男', '2011-09-01', '2014-06-30', '0', '320684199303277679', '中国', '江苏省海门市东灶港镇红中村三十二组48号', '', '南京信息职业技术学院专科', '', '', '', '普通校友', '1'), ('865', '166', null, null, '11', '31222P44', '周权俊杰', '', 'aWgmHWL8ideHOVEwqtcLpw==', '', '', '', '', '', '13775997672', '261616768', '', '江苏徐州贾汪区阳光世纪缘3号楼2单元302', '46329405@qq.com', '男', '2011-09-01', '2014-06-30', '0', '320305199311241818', '中国', '江苏徐州贾汪区阳光世纪缘3号楼2单元302', '', '南京信息职业技术学院专科', '', '', '', '普通校友', '1'), ('866', '166', null, null, '11', '31222P43', '周凯', '', 'gy5a9x3dflp7Fe+tXAUCCg==', '', '', '', '', '', '15651890865', '1134300657', '', '江苏省东台市新曹农场盐坝分场10大队112号', '1134300657@.com', '男', '2011-09-01', '2014-06-30', '0', '320981199409038817', '中国', '江苏省东台市新曹农场盐坝分场10大队112号', '', '南京信息职业技术学院专科', '', '', '', '普通校友', '1'), ('867', '166', null, null, '11', '31222P42', '周罡', '', 'ewZZOK2N6i8gJF1xR6J8oA==', '', '', '', '', '', '18651121582', '540408814', '', '苏州张家港金港镇柏林村三省二甲里六组6号（新丰纺织厂南）', '540408814@qq.com', '男', '2011-09-01', '2014-06-30', '0', '320582199404290815', '中国', '苏州张家港金港镇柏林村三省二甲里六组6号（新丰纺织厂南）', '', '南京信息职业技术学院专科', '', '', '', '普通校友', '1'), ('868', '166', null, null, '11', '31222P41', '张文超', '', 'xren7NcdYY0f27o39wV55A==', '', '', '', '', '', '15651891097', '664772655', '', '淮安市淮安区泾口镇泾口村5组', '664772655@qq.com', '男', '2011-09-01', '2014-06-30', '0', '32080319930809281X', '中国', '淮安市淮安区泾口镇泾口村5组', '', '南京信息职业技术学院专科', '', '', '', '普通校友', '1'), ('869', '166', null, null, '11', '31222P40', '於业军', '', 'mcCSx+pJ6OTH0RMCdNXruA==', '', '', '', '', '', '15862868689', '1175117397', '', '江苏省南通市如东县通用股份有限公司(淮河路33号)', '1175117397@qq.com', '男', '2011-09-01', '2014-06-30', '0', '32062319940226095X', '中国', '江苏省南通市如东县通用股份有限公司(淮河路33号)', '', '南京信息职业技术学院专科', '', '', '', '普通校友', '1'), ('870', '168', null, null, '11', '31222P39', '叶飞飞', '', 'QqAkj6r019aK+emVWyvUwg==', '', '', '', '', '', '18120157309', '', '', '徐州市铜山区房村镇杨场村一组', '1134354162@qq.com', '男', '2011-09-01', '2014-06-30', '0', '320323199105263058', '中国', '徐州市铜山区房村镇杨场村一组', '', '南京信息职业技术学院专科', '', '', '', '普通校友', '1'), ('871', '166', null, null, '11', '31222P38', '许哲尹', '', 'S4zk9yhr2VsJZhRAaGHe/g==', '', '', '', '', '', '18795950456', '', '', '家庭住址:江苏省海门市八索村六组', '1241593651@qq.com', '男', '2011-09-01', '2014-06-30', '0', '320684199202045692', '中国', '家庭住址:江苏省海门市八索村六组', '', '南京信息职业技术学院专科', '', '', '', '普通校友', '1'), ('872', '166', null, null, '11', '31222P37', '吴勇', '', 'h57iFkBDYV8BD1/DHFPpMQ==', '', '', '', '', '', '18020109735', '', '', '江苏省淮安市金湖县塔集镇', '562871678@qq.com', '男', '2011-09-01', '2014-06-30', '0', '320831199404092014', '中国', '江苏省淮安市金湖县塔集镇', '', '南京信息职业技术学院专科', '', '', '', '普通校友', '1'), ('873', '166', null, null, '11', '31222P36', '王旭东', '', 'ApNsT8V+0WyOReOSCG9bmA==', '', '', '', '', '', '13962941452', '592106008', '', '江苏省南通市锦安花园4-105', '592106008@qq.com', '男', '2011-09-01', '2014-06-30', '0', '320602199404105310', '中国', '江苏省南通市锦安花园4-105', '', '南京信息职业技术学院专科', '', '', '', '普通校友', '1'), ('874', '172', null, null, '11', '31222P35', '王浩', '', 'GSCailh1/UljCAOmnce7yw==', '', '', '', '', '', '15651991332', '656379029', '', '江苏省睢宁县睢城镇幸福小区二期王向东超市', '656379029@qq.com', '男', '2011-09-01', '2014-06-30', '0', '320324199310150032', '中国', '江苏省睢宁县睢城镇幸福小区二期王向东超市', '', '南京信息职业技术学院专科', '', '', '', '普通校友', '1'), ('875', '166', null, null, '11', '31222P34', '唐飞', '', 'aQDemtEa2zXAgVnJfip01w==', '', '', '', '', '', '18066052206', '1208897860', '', '江苏省南通市海安县海安镇孙庄村十一组3号', '320621@163.com', '男', '2011-09-01', '2014-06-30', '0', '320621199309216118', '中国', '江苏省南通市海安县海安镇孙庄村十一组3号', '', '南京信息职业技术学院专科', '', '', '', '普通校友', '1'), ('876', '166', null, null, '11', '31222P33', '史德健', '', 'ezYy0pt4KiFis6jwaEqMog==', '', '', '', '', '', '18625187534', '1114192029', '', '江苏省丰县师寨镇史庄2组五号', '1114192029@qq.com', '男', '2011-09-01', '2014-06-30', '0', '32032119930906287X', '中国', '江苏省丰县师寨镇史庄2组五号', '', '南京信息职业技术学院专科', '', '', '', '普通校友', '1'), ('877', '166', null, null, '11', '31222P32', '马力', '', 'd2Zr6qp/2G3puTc97QXbRA==', '', '', '', '', '', '15996319015', '851491946', '', '江苏省南通市海安县马舍村十一组19号', '851491946@qq.com', '男', '2011-09-01', '2014-06-30', '0', '320621199403114513', '中国', '江苏省南通市海安县马舍村十一组19号', '', '南京信息职业技术学院专科', '', '', '', '普通校友', '1'), ('878', '166', null, null, '11', '31222P31', '马晨曦', '', '+VqR9p7sBD16mDaEGLC0Bg==', '', '', '', '', '', '15365181720', '', '', '江苏省沛县风光地带7号楼2单元502', '864844741@qq.com', '男', '2011-09-01', '2014-06-30', '0', '320322199403302813', '中国', '江苏省沛县风光地带7号楼2单元502', '', '南京信息职业技术学院专科', '', '', '', '普通校友', '1'), ('879', '166', null, null, '11', '31222P30', '刘帆', '', 'OK3Y4FqpzBDqiU5+mGN7FQ==', '', '', '', '', '', '13057530304', '541258255', '', '江苏省南京市建邺区江东中路142号4幢405室', '541258255@qq.com', '男', '2011-09-01', '2014-06-30', '0', '320105199401230011', '中国', '江苏省南京市建邺区江东中路142号4幢405室', '', '南京信息职业技术学院专科', '', '', '', '普通校友', '1'), ('880', '166', null, null, '11', '31222P29', '蔺一鸣', '', '89GPQ0EFJvFr5e+cDUPG7Q==', '', '', '', '', '', '13270889196', '', '', '徐州市丰县荟苑新区卫生服务站', '530791769@qq.com', '男', '2011-09-01', '2014-06-30', '0', '320321199212017255', '中国', '徐州市丰县荟苑新区卫生服务站', '', '南京信息职业技术学院专科', '', '', '', '普通校友', '1'), ('881', '166', null, null, '11', '31222P28', '李庆明', '', 'bONwRMEP1eUD4uCsrN00CA==', '', '', '', '', '', '18020119709', '347226461', '', '淮安市金湖县塔集镇新华村六联组', '347226461@qq.com', '男', '2011-09-01', '2014-06-30', '0', '320831199312171815', '中国', '淮安市金湖县塔集镇新华村六联组', '', '南京信息职业技术学院专科', '', '', '', '普通校友', '1'), ('882', '173', null, null, '11', '31222P26', '黄鹏程', '', 'prso4se0tVAAtODwv5MQow==', '', '', '', '', '', '15651979272', '748498546', '', '昆山市张浦镇白米村355号', '748498546@qq.com', '男', '2011-09-01', '2014-06-30', '0', '500113199306035617', '中国', '昆山市张浦镇白米村355号', '', '南京信息职业技术学院专科', '', '', '', '普通校友', '1'), ('883', '166', null, null, '11', '31222P25', '黄金明', '', 'Nic6P88kRZvHb0rOywOvog==', '', '', '', '', '', '15996318336', '1139917214', '', '常州市新北区新龙花苑31幢甲单元301室', '1139917214@qq.com', '男', '2011-09-01', '2014-06-30', '0', '320401199403283716', '中国', '常州市新北区新龙花苑31幢甲单元301室', '', '南京信息职业技术学院专科', '', '', '', '普通校友', '1'), ('884', '166', null, null, '11', '31222P24', '龚一飞', '', 'MoplfoRugt0Xw6TtAcnurQ==', '', '', '', '', '', '15996318533', '871898337', '', '江苏省常州市金坛市华胜新村216号', '871898337@qq.com', '男', '2011-09-01', '2014-06-30', '0', '320482199406220516', '中国', '江苏省常州市金坛市华胜新村216号', '', '南京信息职业技术学院专科', '', '', '', '普通校友', '1'), ('885', '166', null, null, '11', '31222P23', '杜宗祥', '', 'KyYXyeJ/M5cN83hn3MCIzQ==', '', '', '', '', '', '18013861150', '', '', '江苏省邳州市碾庄镇闫桥村胡东组', '269422023@qq.com', '男', '2011-09-01', '2014-06-30', '0', '32038219900828659X', '中国', '江苏省邳州市碾庄镇闫桥村胡东组', '', '南京信息职业技术学院专科', '', '', '', '普通校友', '1'), ('886', '174', null, null, '11', '31222P22', '戴齐松', '', 'KkqapqLNQOCzJ7ZcoCZFUw==', '', '', '', '', '', '15651979107', '872646551', '', '江苏省新沂市阿湖镇古村7-49号', '872646551@qq。com', '男', '2011-09-01', '2014-06-30', '0', '320381199311017919', '中国', '江苏省新沂市阿湖镇古村7-49号', '', '南京信息职业技术学院专科', '', '', '', '普通校友', '1'), ('887', '166', null, null, '11', '31222P21', '程威', '', 'EXYcAo/ZYevqXNN6TmQnRg==', '', '', '', '', '', '15366199629', '125715846', '', '江苏省 徐州市睢宁县 县社院内 3栋楼 302', '125715846@qq.com', '男', '2011-09-01', '2014-06-30', '0', '320324199401187076', '中国', '江苏省 徐州市睢宁县 县社院内 3栋楼 302', '', '南京信息职业技术学院专科', '', '', '', '普通校友', '1'), ('888', '166', null, null, '11', '31222P20', '成少熔', '', 'OlOvnpVNkEPYYHGeF11y/g==', '', '', '', '', '', '18015210357', '1124771044', '', '如东县掘港镇银杏村四组13号', '1103134903@qq.com', '男', '2011-09-01', '2014-06-30', '0', '320623199309110412', '中国', '如东县掘港镇银杏村四组13号', '', '南京信息职业技术学院专科', '', '', '', '普通校友', '1'), ('889', '166', null, null, '11', '31222P19', '陈珂', '', 'wefrcWb7UJufhCB0MizVXA==', '', '', '', '', '', '18066072771', '1036533908', '', '江苏省常州市武进区雪堰镇新康村委陈家塘1号', '1036533908@qq.com', '男', '2011-09-01', '2014-06-30', '0', '320483199312202612', '中国', '江苏省常州市武进区雪堰镇新康村委陈家塘1号', '', '南京信息职业技术学院专科', '', '', '', '普通校友', '1'), ('890', '175', null, null, '11', '31222P18', '陈功', '', 'XIa72SWpJSskO76lwIHyiA==', '', '', '', '', '', '15651798783', '735197448', '', '宿迁市宿城区中扬镇范集居委会刘西组8号', '735197448@qq.com', '男', '2011-09-01', '2014-06-30', '0', '321323199201302310', '中国', '宿迁市宿城区中扬镇范集居委会刘西组8号', '', '南京信息职业技术学院专科', '', '', '', '普通校友', '1'), ('891', '166', null, null, '11', '31222P17', '安聪', '', 'vPYLmdQLGsgD18SK7mwfPA==', '', '', '', '', '', '15651719559', '', '', '徐州沛县龙固镇果元村张圩子', '253556826@qq.com', '男', '2011-09-01', '2014-06-30', '0', '320322199308121619', '中国', '徐州沛县龙固镇果元村张圩子', '', '南京信息职业技术学院专科', '', '', '', '普通校友', '1'), ('892', '166', null, null, '11', '31222P16', '朱萍', '', 'WyMbVVIBSpgqFe4C73Dlmg==', '', '', '', '', '', '18020119656', '1198868201', '', '江苏省南通市如东县洋口镇杨楝园村十组', '253556826@qq.com', '女', '2011-09-01', '2014-06-30', '0', '320623199308234907', '中国', '江苏省南通市如东县洋口镇杨楝园村十组', '', '南京信息职业技术学院专科', '', '', '', '普通校友', '1'), ('893', '166', null, null, '11', '31222P15', '周绣绣', '', 'fAzJ+c9/ISATtRr/3A3caA==', '', '', '', '', '', '13182816332', '1144588782', '', '江苏省徐州市丰县宋楼镇周新庄21号', '1144588782@qq.com', '女', '2011-09-01', '2014-06-30', '0', '320321199311124822', '中国', '江苏省徐州市丰县宋楼镇周新庄21号', '', '南京信息职业技术学院专科', '', '', '', '普通校友', '1'), ('894', '177', null, null, '11', '31222P14', '仲佳雯', '', 'moZ2ffUlOpYmzW/x67m8xQ==', '', '', '', '', '', '15651796139', '', '', '江苏省镇江市京口区桃花坞路八角亭16幢309室', '401287045@qq.com', '女', '2011-09-01', '2014-06-30', '0', '321322199304030446', '中国', '江苏省镇江市京口区桃花坞路八角亭16幢309室', '', '南京信息职业技术学院专科', '', '', '', '普通校友', '1'), ('895', '166', null, null, '11', '31222P13', '姚婷', '', 'fsgr9Xx8XBoBauuYE+CmLw==', '', '', '', '', '', '15651719736', '', '', '南京市江宁区竹山路竹山公寓3栋501', '455404723@qq.com', '女', '2011-09-01', '2014-06-30', '0', '320121199308151183', '中国', '南京市江宁区竹山路竹山公寓3栋501', '', '南京信息职业技术学院专科', '', '', '', '普通校友', '1'), ('896', '166', null, null, '11', '31222P12', '颜凤茹', '', 'kUxhbdJrawNwFaKVOOahqw==', '', '', '', '', '', '18052379505', '1394876846', '', '江苏省淮安市淮阴区新街幸福新苑G栋507', '1394876846@qq.com', '女', '2011-09-01', '2014-06-30', '0', '320821199310186121', '中国', '江苏省淮安市淮阴区新街幸福新苑G栋507', '', '南京信息职业技术学院专科', '', '', '', '普通校友', '1'), ('897', '166', null, null, '11', '31222P10', '谢飘飘', '', '9B0ATH/OsjXKA0kpozEqlA==', '', '', '', '', '', '13270704776', '1248205890', '', '江苏省徐州市丰县梁寨镇小张口村5组236号', '1248205890@qq.com', '女', '2011-09-01', '2014-06-30', '0', '320321199306240829', '中国', '江苏省徐州市丰县梁寨镇小张口村5组236号', '', '南京信息职业技术学院专科', '', '', '', '普通校友', '1'), ('898', '176', null, null, '11', '31222P09', '王满', '', '0OKl51fomP1xPRIop1JY5g==', '', '', '', '', '', '18752176432', '807734334', '', '江苏省徐州市铜山区房村镇温刘村4组', '807734334@qq.com', '女', '2011-09-01', '2014-06-30', '0', '320323199203273049', '中国', '江苏省徐州市铜山区房村镇温刘村4组', '', '南京信息职业技术学院专科', '', '', '', '普通校友', '1'), ('899', '166', null, null, '11', '31222P08', '圣双琴', '', 'gUP6XryEjVV6z8Itw0avwg==', '', '', '', '', '', '15651783521', '1063860116', '', ':江苏省常州市金坛市薛埠镇东林小区67号', '1063860116!qq.com', '女', '2011-09-01', '2014-06-30', '0', '320482199411016202', '中国', ':江苏省常州市金坛市薛埠镇东林小区67号', '', '南京信息职业技术学院专科', '', '', '', '普通校友', '1'), ('900', '166', null, null, '11', '31222P07', '秦芳', '', '6gZoedHioJkWRuNWyT5Xqw==', '', '', '', '', '', '18020119657', '709627725', '', '江苏省苏州张家港杨舍镇乘航新乘花苑14幢三单元206室', '709627725@qq.com', '女', '2011-09-01', '2014-06-30', '0', '320582199309047622', '中国', '江苏省苏州张家港杨舍镇乘航新乘花苑14幢三单元206室', '', '南京信息职业技术学院专科', '', '', '', '普通校友', '1'), ('901', '166', null, null, '11', '31222P06', '刘馨', '', 'plt4QLQwMjISMsUyAl97Mg==', '', '', '', '', '', '15651782639', '1043361363', '', '江苏省新沂市新安镇新南村房上飞跃路东六巷五号', '1043361363@qq.com', '女', '2011-09-01', '2014-06-30', '0', '320381199305160620', '中国', '江苏省新沂市新安镇新南村房上飞跃路东六巷五号', '', '南京信息职业技术学院专科', '', '', '', '普通校友', '1'), ('902', '167', null, null, '11', '31222P05', '李娜娜', '', 'ormrFNFovsekNrHebzv9Kw==', '', '', '', '', '', '15651779537', '1466979492', '', '徐州市丰县宋楼镇侯庄村80号', '1466979492@qq.com', '女', '2011-09-01', '2014-06-30', '0', '320321199310291223', '中国', '徐州市丰县宋楼镇侯庄村80号', '', '南京信息职业技术学院专科', '', '', '', '普通校友', '1'), ('903', '166', null, null, '11', '31222P04', '蒋文杰', '', 'sJAPLdZTqy0K9aqGMSDfVQ==', '', '', '', '', '', '18020119689', '2541982109', '', '江苏省张家港市锦丰镇沙钢集团宏发炼钢', '2541982109@qq.com', '女', '2011-09-01', '2014-06-30', '0', '320321199302064426', '中国', '江苏省张家港市锦丰镇沙钢集团宏发炼钢', '', '南京信息职业技术学院专科', '', '', '', '普通校友', '1'), ('904', '166', null, null, '11', '31222P03', '姜如艳', '', 'RxhEzEQ8ypv0/9QvObaqLw==', '', '', '', '', '', '15305170872', '2298634420', '', '金坛县金城镇联丰队谢家村39号', '2298634420@qq.com', '女', '2011-09-01', '2014-06-30', '0', '320830199109281828', '中国', '金坛县金城镇联丰队谢家村39号', '', '南京信息职业技术学院专科', '', '', '', '普通校友', '1'), ('905', '166', null, null, '11', '31222P02', '段苏艳', '', 'JsHqH3qcxeC0wxrDT9BoEA==', '', '', '', '', '', '15996317500', '750831730', '', '天津市大港区福满园21号楼0201', '750831730@qq.com', '女', '2011-09-01', '2014-06-30', '0', '320321199309160461', '中国', '天津市大港区福满园21号楼0201', '', '南京信息职业技术学院专科', '', '', '', '普通校友', '1'), ('906', '166', null, null, '11', '31222P01', '蔡淑卿', '', 'UmwicPqxVv3Sr6Iko+T1MQ==', '', '', '', '', '', '15651785200', '', '', '南通市开发区源兴花苑24＃302', '1197280884@qq.com', '女', '2011-09-01', '2014-06-30', '0', '320602199312025620', '中国', '南通市开发区源兴花苑24＃302', '', '南京信息职业技术学院专科', '', '', '', '普通校友', '1'), ('907', '165', null, null, '11', '31221P44', '朱赛', '', 'elqvHaaTRSHUVzW/tQ0Sww==', '', '', '', '', '', '15366196810', '541042921', '', '宿迁市宿豫区新庄镇前进村二组', '541042921@qq.com', '男', '2011-09-01', '2014-06-30', '0', '321321199411104213', '中国', '宿迁市宿豫区新庄镇前进村二组', '', '南京信息职业技术学院专科', '', '', '', '普通校友', '1');
INSERT INTO `stu_infor` VALUES ('908', '165', null, null, '11', '31221P43', '周晨龙', '', '4PeshEFQZiCQ8V5OkmtfzQ==', '', '', '', '', '', '18661291332', '707219776', '', '江苏省无锡市锡山区华东村庄17号', '707219776@qq.com', '男', '2011-09-01', '2014-06-30', '0', '320283199307142474', '中国', '江苏省无锡市锡山区华东村庄17号', '', '南京信息职业技术学院专科', '', '', '', '普通校友', '1'), ('909', '165', null, null, '11', '31221P42', '赵嘉琦', '', 'wtEwGmsqn0r+Z6GqcxZUeg==', '', '', '', '', '', '18012988889', '649150835', '', '江苏省张家港市小明沙村10组', '649150835@qq.com', '男', '2011-09-01', '2014-06-30', '0', '320582199409204218', '中国', '江苏省张家港市小明沙村10组', '', '南京信息职业技术学院专科', '', '', '', '普通校友', '1'), ('910', '165', null, null, '11', '31221P41', '张晓华', '', '47goBcb6IcHROx04156LeA==', '', '', '', '', '', '15651787569', '949218937', '', '江苏省南通市通州区西亭镇居委会三十四组22号', '15651787569@163.com', '男', '2011-09-01', '2014-06-30', '0', '320689199305240419', '中国', '江苏省南通市通州区西亭镇居委会三十四组22号', '', '南京信息职业技术学院专科', '', '', '', '普通校友', '1'), ('911', '165', null, null, '11', '31221P40', '俞鹏', '', '54SsjkIyKxfq5nJoT0BOQQ==', '', '', '', '', '', '15380839130', '916816628', '', '江苏省盐城市建湖区丰收路玉兰小区1幢3单元205室', '916816628@qq.com', '男', '2011-09-01', '2014-06-30', '0', '320925199402120032', '中国', '江苏省盐城市建湖区丰收路玉兰小区1幢3单元205室', '', '南京信息职业技术学院专科', '', '', '', '普通校友', '1'), ('912', '165', null, null, '11', '31221P39', '余昊天', '', 'h5tQE9hCM2ACIEX+0IDOlA==', '', '', '', '', '', '15651790862', '545590745', '', '连云港赣榆县青口镇后陈社区七巷11号', '54550745@qq.com', '男', '2011-09-01', '2014-06-30', '0', '320721199405020030', '中国', '连云港赣榆县青口镇后陈社区七巷11号', '', '南京信息职业技术学院专科', '', '', '', '普通校友', '1'), ('913', '165', null, null, '11', '31221P38', '印斌', '', 'SwijWCXNVqNqOkQ6m/D6aA==', '', '', '', '', '', '13260788084', '839104558', '', '江苏省泰州市高港区许庄街道办孔桥村7组16号', '839104558@qq.com', '男', '2011-09-01', '2014-06-30', '0', '321283199405296232', '中国', '江苏省泰州市高港区许庄街道办孔桥村7组16号', '', '南京信息职业技术学院专科', '', '', '', '普通校友', '1'), ('914', '165', null, null, '11', '31221P37', '徐旺达', '', '6c6CO+n41120N4xdbI/jBA==', '', '', '', '', '', '13057533186', '371745314', '', '新沂市窑湾镇刘宅村刘宅组65号', '371745314@qq.com', '男', '2011-09-01', '2014-06-30', '0', '320381199408151516', '中国', '新沂市窑湾镇刘宅村刘宅组65号', '', '南京信息职业技术学院专科', '', '', '', '普通校友', '1'), ('915', '165', null, null, '11', '31221P36', '徐欢', '', 'jtPFFdzmGJthpD9HbfI2RA==', '', '', '', '', '', '15651783879', '271605311', '', '江苏省太仓市沙溪沙南东路2号', 'xh271605311@vip.qq.com', '男', '2011-09-01', '2014-06-30', '0', '320522199404123914', '中国', '江苏省太仓市沙溪沙南东路2号', '', '南京信息职业技术学院专科', '', '', '', '普通校友', '1'), ('916', '165', null, null, '11', '31221P35', '吴聪聪', '', 'QafMVzMTuLU/ieRMAGXViA==', '', '', '', '', '', '15651787689', '1056249600', '', '江苏省南通市通州区金沙镇油榨村', 'wcc930921@163.com', '男', '2011-09-01', '2014-06-30', '0', '320683199309210815', '中国', '江苏省南通市通州区金沙镇油榨村', '', '南京信息职业技术学院专科', '', '', '', '普通校友', '1'), ('917', '165', null, null, '11', '31221P34', '温琪', '', '3OUnjoQ+jBkK2OF1EmH1/g==', '', '', '', '', '', '13222627867', '635982567', '', '江苏省扬中市新坝镇公信村1组17号', '635982567@qq.com', '男', '2011-09-01', '2014-06-30', '0', '321182199405041019', '中国', '江苏省扬中市新坝镇公信村1组17号', '', '南京信息职业技术学院专科', '', '', '', '普通校友', '1'), ('918', '165', null, null, '11', '31221P33', '王越', '', 'UZNypbsUp1lvAW5rRzRO8g==', '', '', '', '', '', '15651778195', '1059242199', '', '江苏省南京市溧水区永阳镇二里桥26号', '1059242199@qq.com', '男', '2011-09-01', '2014-06-30', '0', '320124199310163238', '中国', '江苏省南京市溧水区永阳镇二里桥26号', '', '南京信息职业技术学院专科', '', '', '', '普通校友', '1'), ('919', '165', null, null, '11', '31221P32', '汪成成', '', 'XV5HkWabMC1Yeprt0nA/RA==', '', '', '', '', '', '18013979405', '1621633938', '', '江苏省响水县周集沙庄一组', '1621633938@qq.com', '男', '2011-09-01', '2014-06-30', '0', '320921199306292437', '中国', '江苏省响水县周集沙庄一组', '', '南京信息职业技术学院专科', '', '', '', '普通校友', '1'), ('920', '165', null, null, '11', '31221P31', '陶锋', '', 'NVDcW7+j/x9xHBMXw6htOA==', '', '', '', '', '', '15805196756', '924377919', '', '靖江市华侨新村23栋303室', '924377919@qq.com', '男', '2011-09-01', '2014-06-30', '0', '321282199405110016', '中国', '靖江市华侨新村23栋303室', '', '南京信息职业技术学院专科', '', '', '', '普通校友', '1'), ('921', '165', null, null, '11', '31221P30', '孙伟', '', 'hEj7BSQrA/2f7/rmc1RT1A==', '', '', '', '', '', '158957729799', '1435273011', '', '江苏省扬州市大学南路张庄小区139幢501室', '1435273011@qq.com', '男', '2011-09-01', '2014-06-30', '0', '321027199306145736', '中国', '江苏省扬州市大学南路张庄小区139幢501室', '', '南京信息职业技术学院专科', '', '', '', '普通校友', '1'), ('922', '165', null, null, '11', '31221P29', '沈谦', '', '1CH+hJ7JE8c1ElrWRqpERQ==', '', '', '', '', '', '15651979672', '748054734', '', '江苏省江阴市环西二村1幢203室', '748054734@qq.com', '男', '2011-09-01', '2014-06-30', '0', '320281199408167512', '中国', '江苏省江阴市环西二村1幢203室', '', '南京信息职业技术学院专科', '', '', '', '普通校友', '1'), ('923', '165', null, null, '11', '31221P28', '欧鹏光', '', 'cI+h9bLTCJRLmhzKDfWPBw==', '', '', '', '', '', '13062567706', '', '', '徐州市沛县金地花园', '997137560@qq.com', '男', '2011-09-01', '2014-06-30', '0', '320304199311205212', '中国', '徐州市沛县金地花园', '', '南京信息职业技术学院专科', '', '', '', '普通校友', '1'), ('924', '165', null, null, '11', '31221P27', '梅斌望', '', 'PDjD/1k2LDVjpr8KK8W5ng==', '', '', '', '', '', '18052505669', '635068609', '', '江苏省常州市戚墅堰区航运家园3幢2单元', '635068609@qq.com', '男', '2011-09-01', '2014-06-30', '0', '320405199403242215', '中国', '江苏省常州市戚墅堰区航运家园3幢2单元', '', '南京信息职业技术学院专科', '', '', '', '普通校友', '1'), ('925', '165', null, null, '11', '31221P26', '凌马鑫', '', 'Bx7oU0KUH/fR3jvMJPRPWw==', '', '', '', '', '', '13057533898', '847433779', '', '江苏省南通市永兴家园84栋104室', '847433779@qq.com', '男', '2011-09-01', '2014-06-30', '0', '320611199404182638', '中国', '江苏省南通市永兴家园84栋104室', '', '南京信息职业技术学院专科', '', '', '', '普通校友', '1'), ('926', '165', null, null, '11', '31221P25', '李民政', '', 'Wgy/Km1710h7xsTR4UCpCQ==', '', '', '', '', '', '15651779325', '534507177', '', '江苏省徐州市丰县宋楼镇前李村2组65号', '534507177@qq.com', '男', '2011-09-01', '2014-06-30', '0', '320321199310061233', '中国', '江苏省徐州市丰县宋楼镇前李村2组65号', '', '南京信息职业技术学院专科', '', '', '', '普通校友', '1'), ('927', '165', null, null, '11', '31221P24', '季天旭', '', 'IP/Wge/RvM1/2B8zslQOLA==', '', '', '', '', '', '13057553268', '970268010', '', '江苏省南通市如东县新店镇新店社区2组17号', '970268010@qq.com', '男', '2011-09-01', '2014-06-30', '0', '320623199310087336', '中国', '江苏省南通市如东县新店镇新店社区2组17号', '', '南京信息职业技术学院专科', '', '', '', '普通校友', '1'), ('928', '165', null, null, '11', '31221P23', '何智伟', '', '9pMWGX6LWSPkKYuX/7EFjg==', '', '', '', '', '', '15996316579', '865450132', '', '江苏省江阴市颐安雅苑19幢507室', '865450132@qq.com', '男', '2011-09-01', '2014-06-30', '0', '32028119940121729X', '中国', '江苏省江阴市颐安雅苑19幢507室', '', '南京信息职业技术学院专科', '', '', '', '普通校友', '1'), ('929', '165', null, null, '11', '31221P22', '顾超', '', 'DtEgKBiRYbAH97PeMeXlgw==', '', '', '', '', '', '15651783827', '374642647', '', '江苏省苏州市太仓市城乡镇南郊新园新村2幢403室', '374642647@qq.com', '男', '2011-09-01', '2014-06-30', '0', '320522199309027633', '中国', '江苏省苏州市太仓市城乡镇南郊新园新村2幢403室', '', '南京信息职业技术学院专科', '', '', '', '普通校友', '1'), ('930', '165', null, null, '11', '31221P21', '高俊飞', '', 'VgUkkoCHWpJKpH5NCIpanw==', '', '', '', '', '', '15651027101', '139120993', '', '江苏省兴化市西鲍乡平旺东村四组', '74138092@qq.com', '男', '2011-09-01', '2014-06-30', '0', '321281199312085193', '中国', '江苏省兴化市西鲍乡平旺东村四组', '', '南京信息职业技术学院专科', '', '', '', '普通校友', '1'), ('931', '165', null, null, '11', '31221P20', '冯镇', '', 'QxOGJTScbHtQScsY7uNzNw==', '', '', '', '', '', '15805195535', '475664992', '', '江苏省镇江市丹徒新区永安家园东区31栋403室', '475664992@qq.com', '男', '2011-09-01', '2014-06-30', '0', '321102199403234915', '中国', '江苏省镇江市丹徒新区永安家园东区31栋403室', '', '南京信息职业技术学院专科', '', '', '', '普通校友', '1'), ('932', '165', null, null, '11', '31221P19', '杜强', '', 'wAcMamwDTLRqPj+NIFAsVw==', '', '', '', '', '', '18652280908', '1050037788', '', '徐州市沛县沛城镇经济开发区三教堂100号', '1050037788@qq.com', '男', '2011-09-01', '2014-06-30', '0', '320322199201318219', '中国', '徐州市沛县沛城镇经济开发区三教堂100号', '', '南京信息职业技术学院专科', '', '', '', '普通校友', '1'), ('933', '165', null, null, '11', '31221P18', '陈开锋', '', 'JLQMO3z4XOcCD9YzQySsJg==', '', '', '', '', '', '13062567230', '757237762', '', '江苏省江阴市西横街82号', '757237762@qq.com', '男', '2011-09-01', '2014-06-30', '0', '321081199407121838', '中国', '江苏省江阴市西横街82号', '', '南京信息职业技术学院专科', '', '', '', '普通校友', '1'), ('934', '165', null, null, '11', '31221P17', '陈浩', '', 'VnAFdur/P/gRSlG8xHy0jQ==', '', '', '', '', '', '15651782562', '965944267', '', '徐州市睢宁县邱集镇廖巷村廖巷组29号', '965944267@qq.com', '男', '2011-09-01', '2014-06-30', '0', '320324199111270613', '中国', '徐州市睢宁县邱集镇廖巷村廖巷组29号', '', '南京信息职业技术学院专科', '', '', '', '普通校友', '1'), ('935', '165', null, null, '11', '31221P15', '曹杨', '', 'rC0WeX5WxMUWQ4vyzql1YQ==', '', '', '', '', '', '15805193712', '676931325', '', '江苏省扬州市邗江区江阳家园55栋401室', '676931325@qq.com', '男', '2011-09-01', '2014-06-30', '0', '321001199408300019', '中国', '江苏省扬州市邗江区江阳家园55栋401室', '', '南京信息职业技术学院专科', '', '', '', '普通校友', '1'), ('936', '165', null, null, '11', '31221P14', '仲丹艳', '', 'moZ2ffUlOpYmzW/x67m8xQ==', '', '', '', '', '', '15651798691', '823385817', '', '江苏省宿迁市沭阳县金地花园16栋801室', '823385817@qq.com', '女', '2011-09-01', '2014-06-30', '0', '321322199304030446', '中国', '江苏省宿迁市沭阳县金地花园16栋801室', '', '南京信息职业技术学院专科', '', '', '', '普通校友', '1'), ('937', '165', null, null, '11', '31221P13', '殷香琴', '', '7KgCzjKNg8UgPnCSCkOx9A==', '', '', '', '', '', '13057529950', '1814219528', '', '江苏省常州市金坛市白塔前庄8队56号', '562351304@qq.com', '女', '2011-09-01', '2014-06-30', '0', '320482199409081427', '中国', '江苏省常州市金坛市白塔前庄8队56号', '', '南京信息职业技术学院专科', '', '', '', '普通校友', '1'), ('938', '165', null, null, '11', '31221P12', '闫嘉琦', '', 'w0F6Qpv/cf0SFCVDzYaCBQ==', '', '', '', '', '', '15651976077', '120197055', '', '江苏省徐州市奎园小区梅月园12栋502室', '120197055@qq.com', '女', '2011-09-01', '2014-06-30', '0', '320311199407257029', '中国', '江苏省徐州市奎园小区梅月园12栋502室', '', '南京信息职业技术学院专科', '', '', '', '普通校友', '1'), ('939', '165', null, null, '11', '31221P11', '肖娇', '', '7C+VCCmyKBJTeKtxQOUyYA==', '', '', '', '', '', '18014846725', '990164775', '', '江苏省泰州市泰兴市新街镇管庄3组', '990164775@qq.com', '女', '2011-09-01', '2014-06-30', '0', '321283199308024227', '中国', '江苏省泰州市泰兴市新街镇管庄3组', '', '南京信息职业技术学院专科', '', '', '', '普通校友', '1'), ('940', '165', null, null, '11', '31221P10', '王晓燕', '', 'xazP/PSlQVE3AInvjPedbg==', '', '', '', '', '', '15996317533', '862219917', '', '江苏省徐州市沛县张寨镇郑王庄村21号', '862219917@qq.com', '女', '2011-09-01', '2014-06-30', '0', '320322199208113160', '中国', '江苏省徐州市沛县张寨镇郑王庄村21号', '', '南京信息职业技术学院专科', '', '', '', '普通校友', '1'), ('941', '165', null, null, '11', '31221P09', '王慧玲', '', 'nCm2OW5S1SJckiIoV7xqVw==', '', '', '', '', '', '13260869656', '1162123496', '', '江苏省淮安市清浦区化工路53号四栋403室', '11621234962qq.com', '女', '2011-09-01', '2014-06-30', '0', '320811199311263026', '中国', '江苏省淮安市清浦区化工路53号四栋403室', '', '南京信息职业技术学院专科', '', '', '', '普通校友', '1'), ('942', '165', null, null, '11', '31221P08', '穆丽丽', '', 'CGyQ53mkY05763j8IARKRA==', '', '', '', '', '', '15996317769', '1260442830', '', '江苏省徐州市丰县凤城镇张阁村穆庄46号', '1260442830@qq.com', '女', '2011-09-01', '2014-06-30', '0', '320321199401212666', '中国', '江苏省徐州市丰县凤城镇张阁村穆庄46号', '', '南京信息职业技术学院专科', '', '', '', '普通校友', '1'), ('943', '165', null, null, '11', '31221P07', '缪琳琳', '', '6xSQWWPbROYIbKLYEgDk/Q==', '', '', '', '', '', '15996319200', '1475168942', '', '江苏省南通市如东县袁庄镇康庄村四组6号', '1475168942@qq.com', '女', '2011-09-01', '2014-06-30', '0', '320623199403305849', '中国', '江苏省南通市如东县袁庄镇康庄村四组6号', '', '南京信息职业技术学院专科', '', '', '', '普通校友', '1'), ('944', '165', null, null, '11', '31221P06', '马艳', '', '4hBjVCNbTNO/EEE1dB9HEg==', '', '', '', '', '', '15996319557', '1260424183', '', '江苏省南通市如东县掘港镇周店村十三组', '1260424183@qq.com', '女', '2011-09-01', '2014-06-30', '0', '320623199411070429', '中国', '江苏省南通市如东县掘港镇周店村十三组', '', '南京信息职业技术学院专科', '', '', '', '普通校友', '1'), ('945', '165', null, null, '11', '31221P05', '马利', '', 'gWFz/CaCkPcjj1uJxsN3TQ==', '', '', '', '', '', '18751869177', '1007969556', '', '江苏省徐州市邳州市运河镇镇北一路车站村192号', '1007969556@qq.com', '女', '2011-09-01', '2014-06-30', '0', '320382199302060241', '中国', '江苏省徐州市邳州市运河镇镇北一路车站村192号', '', '南京信息职业技术学院专科', '', '', '', '普通校友', '1'), ('946', '165', null, null, '11', '31221P04', '卢贤', '', 'a1gYTh6AZBZZqc3VRQEaJQ==', '', '', '', '', '', '15651989873', '1134509801', '', '江苏省泰州市泰兴市马旬镇大马庄大西2组', '1134509801@qq.com', '女', '2011-09-01', '2014-06-30', '0', '321283199305137621', '中国', '江苏省泰州市泰兴市马旬镇大马庄大西2组', '', '南京信息职业技术学院专科', '', '', '', '普通校友', '1'), ('947', '165', null, null, '11', '31221P03', '刘梦雪', '', 'ssLp9ujp2E/j1oUMTHM+hA==', '', '', '', '', '', '15651720362', '1334790803', '', '江苏省徐州市丰县凤城镇南关村刘庄队74号', '1334790803@qq.com', '女', '2011-09-01', '2014-06-30', '0', '320321199312027223', '中国', '江苏省徐州市丰县凤城镇南关村刘庄队74号', '', '南京信息职业技术学院专科', '', '', '', '普通校友', '1'), ('948', '165', null, null, '11', '31221P02', '姜玉秀', '', 'oxb9PSGOgm9N/Amkf9KAzw==', '', '', '', '', '', '15805197382', '1749021238', '', '江苏省宿迁市沭阳县塘沟镇胡塘桥村二组213号', '1749021238@qq.com', '女', '2011-09-01', '2014-06-30', '0', '321322199002206047', '中国', '江苏省宿迁市沭阳县塘沟镇胡塘桥村二组213号', '', '南京信息职业技术学院专科', '', '', '', '普通校友', '1'), ('949', '165', null, null, '11', '31221P01', '常莹', '', 'kO1gL8OiOfg1c43+/wjDqw==', '', '', '', '', '', '15651859800', '1163732245', '', '江苏省泰州市泰兴市河央镇居委会2组', '42940752@qq.com', '女', '2011-09-01', '2014-06-30', '0', '321283199208132845', '中国', '江苏省泰州市泰兴市河央镇居委会2组', '', '南京信息职业技术学院专科', '', '', '', '普通校友', '1'), ('950', '164', null, null, '10', '31215P42', '张泽宇', '', 'QSoL5ZOLUGpn8zIfEqkK+A==', '', '', '', '', '', '', '', '', '江苏省高邮市沁园8栋1103', '734197396@qq.com', '男', '2011-09-01', '2014-06-30', '0', '321084199403074818', '中国', '江苏省高邮市沁园8栋1103', '', '南京信息职业技术学院专科', '', '', '', '普通校友', '1'), ('951', '164', null, null, '10', '31215P41', '张旭', '', 'UNjzIec22cY/CMG37saz1A==', '', '', '', '', '', '15651039257', '365016749', '', '江苏省宿迁市沭阳县塘购镇碾盘村三组64号', '365016749@qq.com', '男', '2011-09-01', '2014-06-30', '0', '321322199208036012', '中国', '江苏省宿迁市沭阳县塘购镇碾盘村三组64号', '', '南京信息职业技术学院专科', '', '', '', '普通校友', '1'), ('952', '164', null, null, '10', '31215P40', '张涛', '', 'SBgS534KuCTrlDVg78kybg==', '', '', '', '', '', '15651018733', '1311426901', '', '连云港市赣榆县金山镇朱汪村', '1311426901@qq.com', '男', '2011-09-01', '2014-06-30', '0', '320721199308024638', '中国', '连云港市赣榆县金山镇朱汪村', '', '南京信息职业技术学院专科', '', '', '', '普通校友', '1'), ('953', '164', null, null, '10', '31215P39', '张思宇', '', 'O3fe22q3LZ+QFlqtQNsnOQ==', '', '', '', '', '', '15805172460', '', '', '南京市栖霞区宁杭公路2号百水芊城春水坊16幢2单元104室', '760217653@qq.com', '男', '2011-09-01', '2014-06-30', '0', '320113199405035213', '中国', '南京市栖霞区宁杭公路2号百水芊城春水坊16幢2单元104室', '', '南京信息职业技术学院专科', '', '', '', '普通校友', '1'), ('954', '164', null, null, '10', '31215P38', '余兵', '', 'We5N5Z71AcZ9/xz2szfPGA==', '', '', '', '', '', '15651031665', '1025467261', '', '南京市六合区金牛湖街道凡集村钱巷40—2号', '1025467261@qq.com', '男', '2011-09-01', '2014-06-30', '0', '320123199310194214', '中国', '南京市六合区金牛湖街道凡集村钱巷40—2号', '', '南京信息职业技术学院专科', '', '', '', '普通校友', '1'), ('955', '164', null, null, '10', '31215P37', '杨子豪', '', 'W7lkagobYifGZSKicHO1bA==', '', '', '', '', '', '15601587750', '1140151989', '', '江苏省溧阳市溧城镇五谭渡村委西增家圩村156号', '1140151989@qq.com', '男', '2011-09-01', '2014-06-30', '0', '320481199408031237', '中国', '江苏省溧阳市溧城镇五谭渡村委西增家圩村156号', '', '南京信息职业技术学院专科', '', '', '', '普通校友', '1'), ('956', '164', null, null, '10', '31215P36', '杨欢', '', 'dE/ANhmVQDHrI8Fm2DCUWQ==', '', '', '', '', '', '18752038836', '1363482498', '', '江苏省姜堰市姜堰镇三舍村一组22号', '1363482498@qq.com', '男', '2011-09-01', '2014-06-30', '0', '321284199403051051', '中国', '江苏省姜堰市姜堰镇三舍村一组22号', '', '南京信息职业技术学院专科', '', '', '', '普通校友', '1'), ('957', '164', null, null, '10', '31215P35', '吴骞', '', 'm3XjPCQwqUImrIxm4WpcQQ==', '', '', '', '', '', '18761859206', '', '', '宿迁市宿城区洋北镇张庄村张庄组100号', '1974809650@qq.com', '男', '2011-09-01', '2014-06-30', '0', '32132119931014681X', '中国', '宿迁市宿城区洋北镇张庄村张庄组100号', '', '南京信息职业技术学院专科', '', '', '', '普通校友', '1'), ('958', '164', null, null, '10', '31215P34', '王凯', '', '+0Hy2D0xbOijt1MxeCpheQ==', '', '', '', '', '', '15651037551', '1033240412', '', '盐城市响水县大通村渠北组6号', '1033240412@qq.com', '男', '2011-09-01', '2014-06-30', '0', '32092119910512383X', '中国', '盐城市响水县大通村渠北组6号', '', '南京信息职业技术学院专科', '', '', '', '普通校友', '1'), ('959', '164', null, null, '10', '31215P33', '邵晟亚', '', 'e7fGLqa1SVM9utjy6pOI3Q==', '', '', '', '', '', '13016959329', '1017380971', '', '南京市白下区瑞金路2号36栋205', '1017380971@qq.com', '男', '2011-09-01', '2014-06-30', '0', '320103199407132030', '中国', '南京市白下区瑞金路2号36栋205', '', '南京信息职业技术学院专科', '', '', '', '普通校友', '1'), ('960', '164', null, null, '10', '31215P32', '苗海潮', '', 'BQpUggCHHkU5GHYRThUpmQ==', '', '', '', '', '', '15252727839', '', '', '江苏省扬州市宝应县柳堡镇红旗组32号', '384895612@qq.com', '男', '2011-09-01', '2014-06-30', '0', '321023199310132019', '中国', '江苏省扬州市宝应县柳堡镇红旗组32号', '', '南京信息职业技术学院专科', '', '', '', '普通校友', '1'), ('961', '164', null, null, '10', '31215P30', '刘军', '', 'BFYTj88cwPz1DzkLYLYqeQ==', '', '', '', '', '', '13913630193', '1007207025', '', '江苏省苏州市常熟市虞山镇洗马池桥29幢201', '1007207025@qq.com', '男', '2011-09-01', '2014-06-30', '0', '430722199307204233', '中国', '江苏省苏州市常熟市虞山镇洗马池桥29幢201', '', '南京信息职业技术学院专科', '', '', '', '普通校友', '1'), ('962', '164', null, null, '10', '31215P29', '李勐', '', 'j6HvYgoMPNxJPLqtTojSLg==', '', '', '', '', '', '15651778930', '1813482994', '', '江苏省淮安市金湖县建材市场2期12幢303', '1813482994@qq.com', '男', '2011-09-01', '2014-06-30', '0', '320831199310214615', '中国', '江苏省淮安市金湖县建材市场2期12幢303', '', '南京信息职业技术学院专科', '', '', '', '普通校友', '1'), ('963', '164', null, null, '10', '31215P28', '蒋宏华', '', 'nRVt42iQsGgfNZVCbiu+4w==', '', '', '', '', '', '18066051136', '1357840149', '', '南京市高淳县阳江镇芮杨村蒋家', '1357840149@qq.com', '男', '2011-09-01', '2014-06-30', '0', '320125199404121510', '中国', '南京市高淳县阳江镇芮杨村蒋家', '', '南京信息职业技术学院专科', '', '', '', '普通校友', '1'), ('964', '164', null, null, '10', '31215P27', '胡联', '', 'xPdfxNI9nlnytysfKXSMug==', '', '', '', '', '', '18066185432', '759964981', '', '江苏省盐城市亭湖区双园村第四居民小组112号', '759964981@qq.com', '男', '2011-09-01', '2014-06-30', '0', '320902199408112012', '中国', '江苏省盐城市亭湖区双园村第四居民小组112号', '', '南京信息职业技术学院专科', '', '', '', '普通校友', '1'), ('965', '164', null, null, '10', '31215P26', '顾磊', '', 'SIU2L3NpyR6shbNolAc0Og==', '', '', '', '', '', '15651038796', '214771925', '', '江苏省扬州市江都大桥镇顾塘组9号', 'guleihtc@gmail.com', '男', '2011-09-01', '2014-06-30', '0', '321088199310195915', '中国', '江苏省扬州市江都大桥镇顾塘组9号', '', '南京信息职业技术学院专科', '', '', '', '普通校友', '1'), ('966', '164', null, null, '10', '31215P25', '葛昌胜', '', 'Di6SY3PDIZn2+ZPKbJqt9A==', '', '', '', '', '', '15651778830', '1666106843', '', '连云港市赣榆县黑林镇一村3队', '1666106843@qq.com', '男', '2011-09-01', '2014-06-30', '0', '329721199309133633', '中国', '连云港市赣榆县黑林镇一村3队', '', '南京信息职业技术学院专科', '', '', '', '普通校友', '1'), ('967', '164', null, null, '10', '31215P24', '周慧', '', 'rLoH/YIp7Ybx6r4RJX9PuQ==', '', '', '', '', '', '13094221849', '1345591044', '', '南京市栖霞区靖安镇长江村民幸队37号', '1345591044@qq.com', '女', '2011-09-01', '2014-06-30', '0', '320113199309126422', '中国', '南京市栖霞区靖安镇长江村民幸队37号', '', '南京信息职业技术学院专科', '', '', '', '普通校友', '1'), ('968', '164', null, null, '10', '31215P23', '张玉', '', 'Uq402SkASSvqrF3uC112qw==', '', '', '', '', '', '15651038705', '863965056', '', '江苏省高邮市高谢四巷1号', '863965056@qq.com', '女', '2011-09-01', '2014-06-30', '0', '321084199407041140', '中国', '江苏省高邮市高谢四巷1号', '', '南京信息职业技术学院专科', '', '', '', '普通校友', '1'), ('969', '164', null, null, '10', '31215P22', '张宇婷', '', 'e53Udug+JaKrnXK7lKJ44w==', '', '', '', '', '', '15651033602', '1434419255', '', '江苏省徐州市贾汪区民和苑9栋3单元301', '1434419255@qq.com', '女', '2011-09-01', '2014-06-30', '0', '320305199402270024', '中国', '江苏省徐州市贾汪区民和苑9栋3单元301', '', '南京信息职业技术学院专科', '', '', '', '普通校友', '1'), ('970', '164', null, null, '10', '31215P21', '袁国萍', '', 'aHH8RBdKtLkCdkdkPG40DQ==', '', '', '', '', '', '15380839445', '435298813', '', '江苏省扬州市江都区真武镇广丰村邹庄组16号', '435298813@qq.com', '女', '2011-09-01', '2014-06-30', '0', '321088199303152749', '中国', '江苏省扬州市江都区真武镇广丰村邹庄组16号', '', '南京信息职业技术学院专科', '', '', '', '普通校友', '1'), ('971', '164', null, null, '10', '31215P20', '虞媛媛', '', 'y9FaHc1uOPUszC1kr3hsxw==', '', '', '', '', '', '15651036323', '', '', '金坛市丹丽花园8幢403', '1406103887@qq.com', '女', '2011-09-01', '2014-06-30', '0', '320482199310271407', '中国', '金坛市丹丽花园8幢403', '', '南京信息职业技术学院专科', '', '', '', '普通校友', '1'), ('972', '164', null, null, '10', '31215P19', '叶玉璇', '', 'vklHm4BMWwzYHAONtBda6g==', '', '', '', '', '', '18052098204', '837571915', '', '淮安市金湖县玻璃仪器厂宿舍', '837571915@qq.com', '女', '2011-09-01', '2014-06-30', '0', '320831199312030027', '中国', '淮安市金湖县玻璃仪器厂宿舍', '', '南京信息职业技术学院专科', '', '', '', '普通校友', '1'), ('973', '164', null, null, '10', '31215P18', '姚丽君', '', 'xMWgNK945obVfGGtNVuJZg==', '', '', '', '', '', '18752037982', '2216071669', '', '淮安市淮安区顺河镇小新村六组250号', '2216071669@qq.com', '女', '2011-09-01', '2014-06-30', '0', '320882199203174646', '中国', '淮安市淮安区顺河镇小新村六组250号', '', '南京信息职业技术学院专科', '', '', '', '普通校友', '1'), ('974', '164', null, null, '10', '31215P17', '杨悦', '', 'IdQOghFEJ0PGJmphbmyvTQ==', '', '', '', '', '', '18752037979', '', '', '淮安市楚州区朱桥镇郭兴村大兴组33号', '2411464671@qq.com', '女', '2011-09-01', '2014-06-30', '0', '32088219930918202x', '中国', '淮安市楚州区朱桥镇郭兴村大兴组33号', '', '南京信息职业技术学院专科', '', '', '', '普通校友', '1'), ('975', '164', null, null, '10', '31215P16', '杨清华', '', 'bJqSgE9OucIinScHWOjJHw==', '', '', '', '', '', '15651036156', '1604834195', '', '江苏省徐州市铁路民祥园小区22幢5单元401室', '1604834195@qq.com', '女', '2011-09-01', '2014-06-30', '0', '320382199508138905', '中国', '江苏省徐州市铁路民祥园小区22幢5单元401室', '', '南京信息职业技术学院专科', '', '', '', '普通校友', '1'), ('976', '164', null, null, '10', '31215P15', '王薇', '', 'uLNzMyMPn+hAXBgWQAtSBg==', '', '', '', '', '', '18052098236', '1184589468', '', '江苏省盐城市盐都区南纬路源缘小区37栋602室', '1184589468@qq.com', '女', '2011-09-01', '2014-06-30', '0', '320902199309042522', '中国', '江苏省盐城市盐都区南纬路源缘小区37栋602室', '', '南京信息职业技术学院专科', '', '', '', '普通校友', '1'), ('977', '164', null, null, '10', '31215P14', '王佳丽', '', 'hOT/HBrviWQBw695daSRsA==', '', '', '', '', '', '15651038309', '1219745717', '', '东台市台南镇鹤伦村九组33号', '15651038309@163.com', '女', '2011-09-01', '2014-06-30', '0', '320981199401102482', '中国', '东台市台南镇鹤伦村九组33号', '', '南京信息职业技术学院专科', '', '', '', '普通校友', '1'), ('978', '164', null, null, '10', '31215P13', '谭英平', '', 'n0dWRszYvHZbvyuEwtCpfg==', '', '', '', '', '', '13057565568', '905991232', '', '江苏省邳州市戴庄镇山窝村10组273号', '905991232@qq.com', '女', '2011-09-01', '2014-06-30', '0', '320382199403064524', '中国', '江苏省邳州市戴庄镇山窝村10组273号', '', '南京信息职业技术学院专科', '', '', '', '普通校友', '1'), ('979', '164', null, null, '10', '31215P12', '宋雨', '', 'XvaNyPf1rvoVn+bB5Gtddw==', '', '', '', '', '', '18752033533', '913441802', '', '南京市栖霞区仙隐北路18号山水名筑6幢102室', '913441802@qq.com', '女', '2011-09-01', '2014-06-30', '0', '340621199301033628', '中国', '南京市栖霞区仙隐北路18号山水名筑6幢102室', '', '南京信息职业技术学院专科', '', '', '', '普通校友', '1'), ('980', '164', null, null, '10', '31215P11', '沈虹燕', '', 'x4WsUmfOiMAN0h+6o0qhYQ==', '', '', '', '', '', '18752035128', '493159483', '', '江阴市澄江街道锦隆一村13幢302室', '493159483@qq.com', '女', '2011-09-01', '2014-06-30', '0', '320281199405069028', '中国', '江阴市澄江街道锦隆一村13幢302室', '', '南京信息职业技术学院专科', '', '', '', '普通校友', '1'), ('981', '164', null, null, '10', '31215P10', '梅婉君', '', 'pAXJ56TcSvZafZ3RgG9o5g==', '', '', '', '', '', '18012931468', '1820724204', '', '江苏省南京市溧水区和凤镇中杨大梅村112号', '1820724204@qq.com', '女', '2011-09-01', '2014-06-30', '0', '320124199309142640', '中国', '江苏省南京市溧水区和凤镇中杨大梅村112号', '', '南京信息职业技术学院专科', '', '', '', '普通校友', '1'), ('982', '164', null, null, '10', '31215P09', '茅思颖', '', 'hwocWoKtpaRRR5ir1BrTdQ==', '', '', '', '', '', '18752035828', '819847123', '', '江苏省徐州市铜山区马坡镇姜站村', '819847123@qq.com', '女', '2011-09-01', '2014-06-30', '0', '320323199312280627', '中国', '江苏省徐州市铜山区马坡镇姜站村', '', '南京信息职业技术学院专科', '', '', '', '普通校友', '1'), ('983', '164', null, null, '10', '31215P08', '刘萌', '', '9aL0JP8MEohPjKcuEXcyRw==', '', '', '', '', '', '15651038526', '512350894', '', '扬州市江都区真武镇广丰村西沟组17号', '512350894@qq.com', '女', '2011-09-01', '2014-06-30', '0', '321088199309262746', '中国', '扬州市江都区真武镇广丰村西沟组17号', '', '南京信息职业技术学院专科', '', '', '', '普通校友', '1'), ('984', '164', null, null, '10', '31215P07', '李佳', '', '3wqa735xZSSBPtJvOcGrwA==', '', '', '', '', '', '15651023259', '', '', '淮安市楚州区康马路工业园区八号厂房（祈福毛巾厂）', '1577086125@qq.com', '女', '2011-09-01', '2014-06-30', '0', '32088219940608582x', '中国', '淮安市楚州区康马路工业园区八号厂房（祈福毛巾厂）', '', '南京信息职业技术学院专科', '', '', '', '普通校友', '1'), ('985', '164', null, null, '10', '31215P06', '顾媛', '', '8alzl70jduJ+Lq6xEiKBGA==', '', '', '', '', '', '18752038886', '1075888425', '', '江苏省宿迁市宿豫区丁嘴镇丁嘴居委会梁袁组', '1075888425@qq.com', '女', '2011-09-01', '2014-06-30', '0', '321321199308203424', '中国', '江苏省宿迁市宿豫区丁嘴镇丁嘴居委会梁袁组', '', '南京信息职业技术学院专科', '', '', '', '普通校友', '1'), ('986', '164', null, null, '10', '31215P05', '顾晶', '', 'YP5qKYo33IH9JUEVEd/l1w==', '', '', '', '', '', '15651039152', '569457883', '', '江苏省姜堰市顾高镇镇南村20组48号', '569457883@qq.com', '女', '2011-09-01', '2014-06-30', '0', '32184199303252083', '中国', '江苏省姜堰市顾高镇镇南村20组48号', '', '南京信息职业技术学院专科', '', '', '', '普通校友', '1'), ('987', '164', null, null, '10', '31215P04', '高娇娇', '', 'W80Bh4KM/06nmoniKYKc/g==', '', '', '', '', '', '18120157280', '1029972251', '', '扬州市江都区大桥镇嘶马高巷高三组14号', '10299722512@qq.com', '女', '2011-09-01', '2014-06-30', '0', '321088199307207321', '中国', '扬州市江都区大桥镇嘶马高巷高三组14号', '', '南京信息职业技术学院专科', '', '', '', '普通校友', '1'), ('988', '164', null, null, '10', '31215P03', '程婕', '', 'kxxKo3NE9+IpfJgDEXs+SA==', '', '', '', '', '', '18061660098', '', '', '江苏省南京市莲花南苑2栋2单元1110', '378913177@qq.com', '女', '2011-09-01', '2014-06-30', '0', '320114199401242721', '中国', '江苏省南京市莲花南苑2栋2单元1110', '', '南京信息职业技术学院专科', '', '', '', '普通校友', '1'), ('989', '164', null, null, '10', '31215P02', '程慧敏', '', '0L6Lxm9df/CmfiIHZmmo6w==', '', '', '', '', '', '13913433117', '184136629', '', '镇江市润州区苗家巷10幢5单元711室', '184136629@qq.com', '女', '2011-09-01', '2014-06-30', '0', '321102199401215323', '中国', '镇江市润州区苗家巷10幢5单元711室', '', '南京信息职业技术学院专科', '', '', '', '普通校友', '1'), ('990', '164', null, null, '10', '31215P01', '陈盼盼', '', 'TM+TUlGIRTN2GsDFKeF6ZA==', '', '', '', '', '', '15651779002', '1779908316', '', '江苏省扬州市高邮镇山广村13组', '1779908316@qq.com', '女', '2011-09-01', '2014-06-30', '0', '321084199208140840', '中国', '江苏省扬州市高邮镇山广村13组', '', '南京信息职业技术学院专科', '', '', '', '普通校友', '1'), ('991', '163', null, null, '16', '31214D43', '朱坤', '', 'myTilc/93LtroaK68+q0LQ==', '', '', '', '', '', '15050556531', '190184080', '', '江苏省徐州市铜山区马坡镇东蒋楼村11组160号', '190184080@qq.com', '男', '2011-09-01', '2014-06-30', '0', '320323199111200651', '中国', '江苏省徐州市铜山区马坡镇东蒋楼村11组160号', '', '南京信息职业技术学院专科', '', '', '', '普通校友', '1'), ('992', '163', null, null, '16', '31214D42', '周阜洁', '', 'qnoqV/dtui8D0Fgaj85/ww==', '', '', '', '', '', '15651026085', '', '', '江苏省盐城市射阳县双龙小区7#306室', '2646117761@qq.com', '男', '2011-09-01', '2014-06-30', '0', '32092419940323027X', '中国', '江苏省盐城市射阳县双龙小区7#306室', '', '南京信息职业技术学院专科', '', '', '', '普通校友', '1'), ('993', '163', null, null, '16', '31214D41', '赵晓冬', '', 'kopnHyeZ211miRQZkK/9VQ==', '', '', '', '', '', '15651991056', '929652383', '', '江苏省徐州市铜山区徐庄镇赵集村2组', '929652383@qq.com', '男', '2011-09-01', '2014-06-30', '0', '320323199301207555', '中国', '江苏省徐州市铜山区徐庄镇赵集村2组', '', '南京信息职业技术学院专科', '', '', '', '普通校友', '1'), ('994', '163', null, null, '16', '31214D40', '张文奇', '', '3nhqo1PbXClNppeY4ngmng==', '', '', '', '', '', '15050557597', '773863668', '', '江苏省张家港市大新镇', 'xiaobaichi87@vip.qq.com', '男', '2011-09-01', '2014-06-30', '0', '320582199404207911', '中国', '江苏省张家港市大新镇', '', '南京信息职业技术学院专科', '', '', '', '普通校友', '1'), ('995', '163', null, null, '16', '31214D39', '张慎', '', 'NfGqjBIsr1lcC3nuKt5saQ==', '', '', '', '', '', '15651023621', '394905319', '', '江苏省昆山市张浦镇椿里村', '394905319@qq.com', '男', '2011-09-01', '2014-06-30', '0', '320583199312228519', '中国', '江苏省昆山市张浦镇椿里村', '', '南京信息职业技术学院专科', '', '', '', '普通校友', '1'), ('996', '163', null, null, '16', '31214D38', '王涛', '', 'fLSbokxcAccMDniyW4+gCw==', '', '', '', '', '', '18066075606', '1367613510', '', '江苏省常州市武进牛塘镇', '1367613510@qq.com', '男', '2011-09-01', '2014-06-30', '0', '32048319940831191X', '中国', '江苏省常州市武进牛塘镇', '', '南京信息职业技术学院专科', '', '', '', '普通校友', '1'), ('997', '163', null, null, '16', '31214D37', '王杰', '', '3oQNgzJvfwROCtaiUzqtpw==', '', '', '', '', '', '18752080639', '1750326447', '', '江苏省南京市六合区八百桥镇', '1750326447@qq.com', '男', '2011-09-01', '2014-06-30', '0', '32012319930922405X', '中国', '江苏省南京市六合区八百桥镇', '', '南京信息职业技术学院专科', '', '', '', '普通校友', '1'), ('998', '163', null, null, '16', '31214D36', '施杰', '', 'nDn6u2qoKbp175QZ5UVwKQ==', '', '', '', '', '', '18013632335', '1328940470', '', '江苏省苏州市张家港锦丰镇', '1328940470@qq.com', '男', '2011-09-01', '2014-06-30', '0', '320582199404185716', '中国', '江苏省苏州市张家港锦丰镇', '', '南京信息职业技术学院专科', '', '', '', '普通校友', '1'), ('999', '163', null, null, '16', '31214D35', '邵冬国', '', 'svkzTs1BIBKalLPQao39EA==', '', '', '', '', '', '15050559056', '1093319189', '', '江苏省淮安市淮安区东桥镇大东村4号', '1093319189@qq.com', '男', '2011-09-01', '2014-06-30', '0', '320803199307072614', '中国', '江苏省淮安市淮安区东桥镇大东村4号', '', '南京信息职业技术学院专科', '', '', '', '普通校友', '1'), ('1000', '163', null, null, '16', '31214D34', '马小伦', '', 'rdqm0XVJjUXqNzHI5LSSKw==', '', '', '', '', '', '', '', '', '江苏省南京市六合区七里小区16幢6单元301室', '', '男', '2011-09-01', '2014-06-30', '0', '320123199304201414', '中国', '江苏省南京市六合区七里小区16幢6单元301室', '', '南京信息职业技术学院专科', '', '', '', '普通校友', '1'), ('1001', '163', null, null, '16', '31214D33', '梁端祥', '', 'pkPpy9D6jDSIyKNxP9TX0Q==', '', '', '', '', '', '18020117701', '847120717', '', '江苏省徐州市铜山区柳泉镇套里村', '847120717@qq.com', '男', '2011-09-01', '2014-06-30', '0', '320323199304195414', '中国', '江苏省徐州市铜山区柳泉镇套里村', '', '南京信息职业技术学院专科', '', '', '', '普通校友', '1'), ('1002', '163', null, null, '16', '31214D32', '李映颐', '', 'ucwpzhq6fQL9iOghbm+lkA==', '', '', '', '', '', '15050559971', '1074160555', '', '江苏省仪征市天地和园2幢102室', '1074160555@qq.com', '男', '2011-09-01', '2014-06-30', '0', '342601199209186257', '中国', '江苏省仪征市天地和园2幢102室', '', '南京信息职业技术学院专科', '', '', '', '普通校友', '1'), ('1003', '163', null, null, '16', '31214D31', '李典', '', '+9TQUGy6Ja9sUCiRmHi2mA==', '', '', '', '', '', '15651991556', '550315417', '', '江苏省泰州市高港区春江新村47号', '550315417@qq.com', '男', '2011-09-01', '2014-06-30', '0', '321201199310080055', '中国', '江苏省泰州市高港区春江新村47号', '', '南京信息职业技术学院专科', '', '', '', '普通校友', '1'), ('1004', '163', null, null, '16', '31214D30', '李超', '', 's1gGlw+Oq9LU+C6e9aeUSw==', '', '', '', '', '', '15506241205', '599253331', '', '江苏省昆山市张浦镇银鹿新城20幢404', '599253331@qq.com', '男', '2011-09-01', '2014-06-30', '0', '320583199403247619', '中国', '江苏省昆山市张浦镇银鹿新城20幢404', '', '南京信息职业技术学院专科', '', '', '', '普通校友', '1'), ('1005', '163', null, null, '16', '31214D29', '孔令东', '', '98nb6ovSdBsbesRkCQWyiw==', '', '', '', '', '', '15601597557', '569023297', '', '江苏省盐城市盐东镇艳阳村二组', '569023297@qq.com', '男', '2011-09-01', '2014-06-30', '0', '320924199312117474', '中国', '江苏省盐城市盐东镇艳阳村二组', '', '南京信息职业技术学院专科', '', '', '', '普通校友', '1'), ('1006', '163', null, null, '16', '31214D28', '蒋辉', '', '1TU1o5iHsEHfpsq/Nod4mw==', '', '', '', '', '', '15605192613', '1329132434', '', '江苏省无锡市惠山区前洲镇水月新村19号', '1329132434@qq.com', '男', '2011-09-01', '2014-06-30', '0', '321322199310293410', '中国', '江苏省无锡市惠山区前洲镇水月新村19号', '', '南京信息职业技术学院专科', '', '', '', '普通校友', '1'), ('1007', '163', null, null, '16', '31214D27', '季震宇', '', 'MYH3bAXJKFmr/ZLDjOfy8Q==', '', '', '', '', '', '18020125379', '834254653', '', '江苏省溧阳市望婆桥村27号', '834254653@qq.com', '男', '2011-09-01', '2014-06-30', '0', '320481199402067810', '中国', '江苏省溧阳市望婆桥村27号', '', '南京信息职业技术学院专科', '', '', '', '普通校友', '1'), ('1008', '163', null, null, '16', '31214D26', '高佳峰', '', 'ZU3G6xSoOhp+d1J3TK3Gyg==', '', '', '', '', '', '18020117702', '1792133890', '', '江苏省南通市刘桥镇伊家园村', '1792133890@qq.com', '男', '2011-09-01', '2014-06-30', '0', '320683199312235175', '中国', '江苏省南通市刘桥镇伊家园村', '', '南京信息职业技术学院专科', '', '', '', '普通校友', '1'), ('1009', '163', null, null, '16', '31214D25', '陈新亮', '', 'S3NgeKaVDBff+kXGTFfbtw==', '', '', '', '', '', '15605195793', '1339374893', '', '江苏省溧阳市别桥镇诸里124号', '1339374893@qq.com', '男', '2011-09-01', '2014-06-30', '0', '320481199405043638', '中国', '江苏省溧阳市别桥镇诸里124号', '', '南京信息职业技术学院专科', '', '', '', '普通校友', '1'), ('1010', '163', null, null, '16', '31214D24', '曹鹏飞', '', 'AWdUALF1PtjbA/Qmd6752Q==', '', '', '', '', '', '18066075905', '1358243854', '', '江苏省南通市海安县李堡镇蒋庄村', '1358243854@qq.com', '男', '2011-09-01', '2014-06-30', '0', '320621199403130716', '中国', '江苏省南通市海安县李堡镇蒋庄村', '', '南京信息职业技术学院专科', '', '', '', '普通校友', '1'), ('1011', '163', null, null, '16', '31214D23', '安欣', '', '2GJx+9U9L/u0KDHrmKxdRw==', '', '', '', '', '', '15050558990', '1162264889', '', '江苏省淮安市五里镇', '1162264889@qq.com', '男', '2011-09-01', '2014-06-30', '0', '320821199201083131', '中国', '江苏省淮安市五里镇', '', '南京信息职业技术学院专科', '', '', '', '普通校友', '1'), ('1012', '163', null, null, '16', '31214D22', '朱琦', '', 'Qfk6ifaaKU2TG2OnUSIwkA==', '', '', '', '', '', '15651026390', '843811796', '', '江苏省句容市白兔镇宋古隍自然村西62号', '843811796@qq.com', '女', '2011-09-01', '2014-06-30', '0', '321183199309222625', '中国', '江苏省句容市白兔镇宋古隍自然村西62号', '', '南京信息职业技术学院专科', '', '', '', '普通校友', '1'), ('1013', '163', null, null, '16', '31214D21', '周春玉', '', '4ujVRA48xuopRPDkTAst7w==', '', '', '', '', '', '15651799332', '1842710688', '', '江苏省宿迁市沭阳县十字程', '1842710688@qq.com', '女', '2011-09-01', '2014-06-30', '0', '321322199303181226', '中国', '江苏省宿迁市沭阳县十字程', '', '南京信息职业技术学院专科', '', '', '', '普通校友', '1'), ('1014', '163', null, null, '16', '31214D20', '张小敏', '', 'unWwKcb0tgpGcgKGfidwXg==', '', '', '', '', '', '15651799350', '756960307', '', '江苏省宿迁市沭阳县马场镇古南村', '756960307@qq.com', '女', '2011-09-01', '2014-06-30', '0', '321322199503085044', '中国', '江苏省宿迁市沭阳县马场镇古南村', '', '南京信息职业技术学院专科', '', '', '', '普通校友', '1'), ('1015', '163', null, null, '16', '31214D19', '于维玲', '', 'J2fb052j2sTXMglE9jB8Qw==', '', '', '', '', '', '15050558903', '1269471639', '', '江苏省连云港市赣榆县班庄镇夹山乡于沟村138号', '1269471639@qq.com', '女', '2011-09-01', '2014-06-30', '0', '320721198901244485', '中国', '江苏省连云港市赣榆县班庄镇夹山乡于沟村138号', '', '南京信息职业技术学院专科', '', '', '', '普通校友', '1'), ('1016', '163', null, null, '16', '31214D18', '薛慈航', '', 'pW2xlXHryDfNeNSSt7Vktw==', '', '', '', '', '', '15050557553', '1517024421', '', '张家港市常阴沙农场常红社区十一组12号', '1517024421@qq.com', '女', '2011-09-01', '2014-06-30', '0', '320582199402082625', '中国', '张家港市常阴沙农场常红社区十一组12号', '', '南京信息职业技术学院专科', '', '', '', '普通校友', '1'), ('1017', '163', null, null, '16', '31214D17', '谢星', '', '4jRneQJYdi6GRSAR8vIRgg==', '', '', '', '', '', '15651799339', '995638777', '', '江苏省宿迁市沭阳县七雄镇田桥村69号', '995638777@qq.com', '女', '2011-09-01', '2014-06-30', '0', '321322199502151062', '中国', '江苏省宿迁市沭阳县七雄镇田桥村69号', '', '南京信息职业技术学院专科', '', '', '', '普通校友', '1'), ('1018', '163', null, null, '16', '31214D16', '吴洁', '', 'JFQoQDekEdiT27wmtJrsyw==', '', '', '', '', '', '15961835041', '1271799395', '', '江苏省无锡市惠山区洛社镇杨市镇北村西安庄58号', '1271799395@qq.com', '女', '2011-09-01', '2014-06-30', '0', '320283199402245180', '中国', '江苏省无锡市惠山区洛社镇杨市镇北村西安庄58号', '', '南京信息职业技术学院专科', '', '', '', '普通校友', '1'), ('1019', '163', null, null, '16', '31214D15', '孙晨', '', '1LyV1J6D09az4ZSiRgNldA==', '', '', '', '', '', '18752002411', '2815901065', '', '江苏省淮安市金湖县富兴花园13幢101室', '2815901065@qq.com', '女', '2011-09-01', '2014-06-30', '0', '320831199311012820', '中国', '江苏省淮安市金湖县富兴花园13幢101室', '', '南京信息职业技术学院专科', '', '', '', '普通校友', '1'), ('1020', '163', null, null, '16', '31214D14', '宋佳丽', '', 'vWdAo4ip7nMfo6jPOBifPQ==', '', '', '', '', '', '15651023580', '', '', '江苏省昆山市玉山镇赵库花园30幢306室', '943822268@qq.com', '女', '2011-09-01', '2014-06-30', '0', '320583199310220660', '中国', '江苏省昆山市玉山镇赵库花园30幢306室', '', '南京信息职业技术学院专科', '', '', '', '普通校友', '1'), ('1021', '163', null, null, '16', '31214D13', '邵坤红', '', 'XwdoXe5GDQ6dg7qU/emy2A==', '', '', '', '', '', '15050557937', '397072663', '', '江苏省南通市如东县丰利镇目河村23组13号', '397072663@qq.com', '女', '2011-09-01', '2014-06-30', '0', '320623199408263529', '中国', '江苏省南通市如东县丰利镇目河村23组13号', '', '南京信息职业技术学院专科', '', '', '', '普通校友', '1'), ('1022', '163', null, null, '16', '31214D12', '秦逸轩', '', 'qbYZJ1tZPXrWzS332nbTlw==', '', '', '', '', '', '18751867357', '1051044938', '', '江苏省南京市六合区竹镇镇金磁家园', '1051044938@qq.com', '女', '2011-09-01', '2014-06-30', '0', '320123199309102423', '中国', '江苏省南京市六合区竹镇镇金磁家园', '', '南京信息职业技术学院专科', '', '', '', '普通校友', '1'), ('1023', '163', null, null, '16', '31214D11', '潘莹', '', 'plt4QLQwMjISMsUyAl97Mg==', '', '', '', '', '', '15366198063', '1351670013', '', '江苏省盐城市盐都区楼王镇花季园村四组128号', '1351670013@qq.com', '女', '2011-09-01', '2014-06-30', '0', '320911199311160620', '中国', '江苏省盐城市盐都区楼王镇花季园村四组128号', '', '南京信息职业技术学院专科', '', '', '', '普通校友', '1'), ('1024', '163', null, null, '16', '31214D10', '马雪雪', '', 'wBx5erlOkcGQSLAEmWrh/g==', '', '', '', '', '', '15050557923', '1253903440', '', '江苏省南通市如东县掘港镇晒盐场村10组', '1253903440@qq.com', '女', '2011-09-01', '2014-06-30', '0', '320623199203261909', '中国', '江苏省南通市如东县掘港镇晒盐场村10组', '', '南京信息职业技术学院专科', '', '', '', '普通校友', '1'), ('1025', '163', null, null, '16', '31214D09', '罗艳', '', 'hLVPXhwqGOQT2Cb4gmCAcQ==', '', '', '', '', '', '15050557682', '1814277833', '', '江苏省昆山市兵希镇夏驾园花苑32#', '1814277833@qq.com', '女', '2011-09-01', '2014-06-30', '0', '321281199303043901', '中国', '江苏省昆山市兵希镇夏驾园花苑32#', '', '南京信息职业技术学院专科', '', '', '', '普通校友', '1'), ('1026', '163', null, null, '16', '31214D08', '吕顺娟', '', 'MyxGYtNHBRhdHT3yJLcUEg==', '', '', '', '', '', '15380839096', '983724011', '', '江苏省张家港市大新镇朝东', '983724011@qq.com', '女', '2011-09-01', '2014-06-30', '0', '320582199406267926', '中国', '江苏省张家港市大新镇朝东', '', '南京信息职业技术学院专科', '', '', '', '普通校友', '1'), ('1027', '163', null, null, '16', '31214D07', '陆敏辉', '', 'J4GvHGgh0zd/xrHz5T7PIQ==', '', '', '', '', '', '18020118026', '1715641614', '', '江苏省张家港市乐余镇永利村十六组2-1号', '1715641614@qq.com', '女', '2011-09-01', '2014-06-30', '0', '320582199502262623', '中国', '江苏省张家港市乐余镇永利村十六组2-1号', '', '南京信息职业技术学院专科', '', '', '', '普通校友', '1'), ('1028', '163', null, null, '16', '31214D06', '鲁萍', '', 'khZ585G/dDQSLyH2phXJNA==', '', '', '', '', '', '15050559685', '384771411', '', '江苏省扬州市宝应县曹甸镇下舍村', '384771411@qq.com', '女', '2011-09-01', '2014-06-30', '0', '321023199304236225', '中国', '江苏省扬州市宝应县曹甸镇下舍村', '', '南京信息职业技术学院专科', '', '', '', '普通校友', '1'), ('1029', '163', null, null, '16', '31214D05', '刘列', '', 'lAHnFjBb/c11hL1nXn3ODg==', '', '', '', '', '', '15380830811', '1655807645', '', '江苏省盐城市射阳县张网村二组63号', '1655807645@qq.com', '女', '2011-09-01', '2014-06-30', '0', '320924199310174627', '中国', '江苏省盐城市射阳县张网村二组63号', '', '南京信息职业技术学院专科', '', '', '', '普通校友', '1'), ('1030', '163', null, null, '16', '31214D04', '李陆君', '', '48nBPNZUVa+h45WVvgm6eA==', '', '', '', '', '', '15605190936', '2821877548', '', '江苏省南京市高淳县砖墙镇港口村', '2821877548@qq.com', '女', '2011-09-01', '2014-06-30', '0', '320125199312040721', '中国', '江苏省南京市高淳县砖墙镇港口村', '', '南京信息职业技术学院专科', '', '', '', '普通校友', '1'), ('1031', '163', null, null, '16', '31214D03', '贾朝勤', '', 'S0pbcYUAQwZxpgAQglVMeg==', '', '', '', '', '', '15050567391', '1017015227', '', '江苏省仪征市刘集镇白羊村', '1017015227@qq.com', '女', '2011-09-01', '2014-06-30', '0', '321081199411074229', '中国', '江苏省仪征市刘集镇白羊村', '', '南京信息职业技术学院专科', '', '', '', '普通校友', '1'), ('1032', '163', null, null, '16', '31214D02', '黄娅莉', '', 'jnDwEpGxabGR8E8ovoMB2w==', '', '', '', '', '', '15651979616', '247126772', '', '江苏省扬州市宝应县望直港镇吴堡村黄家组7号', '247126772@qq.com', '女', '2011-09-01', '2014-06-30', '0', '321023199310242824', '中国', '江苏省扬州市宝应县望直港镇吴堡村黄家组7号', '', '南京信息职业技术学院专科', '', '', '', '普通校友', '1'), ('1033', '163', null, null, '16', '31214D01', '蔡静静', '', 'rHITY/CcU39WNUdHH6BnEw==', '', '', '', '', '', '15050553793', '1960166066', '', '江苏省淮安市涟水县红尧镇十支村', '196016066@qq.com', '女', '2011-09-01', '2014-06-30', '0', '320826199210133825', '中国', '江苏省淮安市涟水县红尧镇十支村', '', '南京信息职业技术学院专科', '', '', '', '普通校友', '1'), ('1034', '162', null, null, '16', '31213D43', '朱帆', '', '0+RQWz7vJjztojAyljLrBg==', '', '', '', '', '', '18020117391', '', '', '江苏省张家港市金港镇镇山山北村', '1144761471@qq.com', '男', '2011-09-01', '2014-06-30', '0', '320582199407161111', '中国', '江苏省张家港市金港镇镇山山北村', '', '南京信息职业技术学院专科', '', '', '', '普通校友', '1'), ('1035', '162', null, null, '16', '31213D42', '周顺', '', 'E/5GiZ/acJdIpvzzUyxxTQ==', '', '', '', '', '', '15605195769', '497443445', '', '江苏省溧阳市溧城镇菜下村委中棠下村88号', '497443445@qq.com', '男', '2011-09-01', '2014-06-30', '0', '320481199308171013', '中国', '江苏省溧阳市溧城镇菜下村委中棠下村88号', '', '南京信息职业技术学院专科', '', '', '', '普通校友', '1'), ('1036', '162', null, null, '16', '31213D41', '杨程', '', 'lXdoudu/FQvDS8eAk7V0Zw==', '', '', '', '', '', '15050556896', '1005177209', '', '江苏省溧阳旧市昆山花园4区20幢2单元202室', 'yangcheng90h@qq.com', '男', '2011-09-01', '2014-06-30', '0', '320481199309106010', '中国', '江苏省溧阳旧市昆山花园4区20幢2单元202室', '', '南京信息职业技术学院专科', '', '', '', '普通校友', '1'), ('1037', '162', null, null, '16', '31213D40', '严殷', '', 'ku5+31hYbrFMiJ6FR4CJYw==', '', '', '', '', '', '18260103719', '156473677', '', '江苏省苏州市相城区北桥镇庄基村老街', '156473677@qq.com', '男', '2011-09-01', '2014-06-30', '0', '320586199312154512', '中国', '江苏省苏州市相城区北桥镇庄基村老街', '', '南京信息职业技术学院专科', '', '', '', '普通校友', '1'), ('1038', '162', null, null, '16', '31213D39', '薛稳', '', 'FaxXjJPp4haKkbB5JVv/2g==', '', '', '', '', '', '15366030675', '977604158', '', '江苏省徐州市铜山区房村镇西薛楼二组', '977604158@qq.com', '男', '2011-09-01', '2014-06-30', '0', '320323199308022836', '中国', '江苏省徐州市铜山区房村镇西薛楼二组', '', '南京信息职业技术学院专科', '', '', '', '普通校友', '1'), ('1039', '162', null, null, '16', '31213D38', '王冬冬', '', 'jLKzeYfOiaagOj45KqmWKw==', '', '', '', '', '', '15061106163', '102266384', '', '江苏省常州市溧阳市竹箦镇茶场', 'Wdd881@163.com', '男', '2011-09-01', '2014-06-30', '0', '320481199211078832', '中国', '江苏省常州市溧阳市竹箦镇茶场', '', '南京信息职业技术学院专科', '', '', '', '普通校友', '1'), ('1040', '162', null, null, '16', '31213D37', '邵丽明', '', 'vw0Pz2t2ZYwaHCg9lXv16Q==', '', '', '', '', '', '15301417336', '421534110', '', '江苏省盐城市阜宁县益林镇管计村五组2号', '42153411@qq.com', '男', '2011-09-01', '2014-06-30', '0', '320923199306185431', '中国', '江苏省盐城市阜宁县益林镇管计村五组2号', '', '南京信息职业技术学院专科', '', '', '', '普通校友', '1'), ('1041', '162', null, null, '16', '31213D36', '钮正生', '', 'DhhEHmDIi5r3695c32WiOg==', '', '', '', '', '', '15605190585', '1406075147', '', '江苏省南京市六合区八百桥镇东钮68号', '1406075147@qq.com', '男', '2011-09-01', '2014-06-30', '0', '320123199202164077', '中国', '江苏省南京市六合区八百桥镇东钮68号', '', '南京信息职业技术学院专科', '', '', '', '普通校友', '1'), ('1042', '162', null, null, '16', '31213D35', '鲁晨阳', '', 'gYi2eqBhhVmTFmXt2eEJSQ==', '', '', '', '', '', '15365185009', '490710311', '', '江苏省江阴市中山北路145幢1号503室', '490710311@qq.com', '男', '2011-09-01', '2014-06-30', '0', '320281199405227014', '中国', '江苏省江阴市中山北路145幢1号503室', '', '南京信息职业技术学院专科', '', '', '', '普通校友', '1'), ('1043', '162', null, null, '16', '31213D34', '林华书', '', 'VrmHqu7LIIuN+MYHuoq0Mw==', '', '', '', '', '', '18020119952', '', '', '江苏省南京市六合区马集镇大圣村夏李32号', '1107444988@qq.com', '男', '2011-09-01', '2014-06-30', '0', '320123199208273012', '中国', '江苏省南京市六合区马集镇大圣村夏李32号', '', '南京信息职业技术学院专科', '', '', '', '普通校友', '1'), ('1044', '162', null, null, '16', '31213D32', '李德朝', '', '7gkGzONx/y8Kkz7VXOIX2Q==', '', '', '', '', '', '15366197980', '1796499355', '', '江苏省徐州市丰县宋楼镇李大楼村45号', '1796499355@qq.com', '男', '2011-09-01', '2014-06-30', '0', '320321199401171278', '中国', '江苏省徐州市丰县宋楼镇李大楼村45号', '', '南京信息职业技术学院专科', '', '', '', '普通校友', '1'), ('1045', '162', null, null, '16', '31213D31', '康晶金', '', 'a7oD6RO23qRgIKRIVElctA==', '', '', '', '', '', '13451808005', '', '', '江苏省南京市六合区园林北路百合园12幢4单元302室', '904477200@qq.com', '男', '2011-09-01', '2014-06-30', '0', '320123199402151617', '中国', '江苏省南京市六合区园林北路百合园12幢4单元302室', '', '南京信息职业技术学院专科', '', '', '', '普通校友', '1'), ('1046', '162', null, null, '16', '31213D30', '姜鹏举', '', 'M8EEkFHJmn1n/XeT48Q1vg==', '', '', '', '', '', '15050553915', '', '', '江苏省徐州市铜山县张集镇二陈村一队360号', '857956868@qq.com', '男', '2011-09-01', '2014-06-30', '0', '320323199101052632', '中国', '江苏省徐州市铜山县张集镇二陈村一队360号', '', '南京信息职业技术学院专科', '', '', '', '普通校友', '1'), ('1047', '162', null, null, '16', '31213D29', '龚磊', '', 'vcSjW+uQID0DoR5HCkqiqg==', '', '', '', '', '', '15050557232', '375402213', '', '苏州市相城区阳澄湖镇阳澄湖花园20幢205室', 'szsxczx@qq.com', '男', '2011-09-01', '2014-06-30', '0', '320586199403305216', '中国', '苏州市相城区阳澄湖镇阳澄湖花园20幢205室', '', '南京信息职业技术学院专科', '', '', '', '普通校友', '1'), ('1048', '162', null, null, '16', '31213D28', '葛晨', '', 'ZeP/BTjPp3J5zsHXpXseZg==', '', '', '', '', '', '15050556939', '', '', '江苏省溧阳市上兴镇后村60号', '1225122428@qq.com', '男', '2011-09-01', '2014-06-30', '0', '32048119940820461X', '中国', '江苏省溧阳市上兴镇后村60号', '', '南京信息职业技术学院专科', '', '', '', '普通校友', '1'), ('1049', '162', null, null, '16', '31213D27', '傅金', '', 'S5l7+EFRpMH9c2CqKFbEFg==', '', '', '', '', '', '18020119560', '834849274', '', '江苏省溧阳市南渡镇何家村25号', '994099086@qq.com', '男', '2011-09-01', '2014-06-30', '0', '320481199501126230', '中国', '江苏省溧阳市南渡镇何家村25号', '', '南京信息职业技术学院专科', '', '', '', '普通校友', '1'), ('1050', '162', null, null, '16', '31213D26', '戴星', '', 'Ksf0NpXrBHnVhGuzjuxZzA==', '', '', '', '', '', '15605190596', '280455506', '', '江苏省南京市六合区长芦街道润玉水苑17幢一单元302室', '280455506@qq.com', '男', '2011-09-01', '2014-06-30', '0', '320123199401011217', '中国', '江苏省南京市六合区长芦街道润玉水苑17幢一单元302室', '', '南京信息职业技术学院专科', '', '', '', '普通校友', '1'), ('1051', '162', null, null, '16', '31213D25', '陈洪祥', '', 'zuSkuG8ehuXDZwV3bDaJLg==', '', '', '', '', '', '15050559330', '435055783', '', '江苏省射阳镇镇临海镇二垛居委会三组7号', '435055783@qq.com', '男', '2011-09-01', '2014-06-30', '0', '320924199302140697', '中国', '江苏省射阳镇镇临海镇二垛居委会三组7号', '', '南京信息职业技术学院专科', '', '', '', '普通校友', '1'), ('1052', '162', null, null, '16', '31213D24', '陈海超', '', 'JMclKGjTokAhpF4A3UtE4w==', '', '', '', '', '', '18260588283', '996173302', '', '江苏省海门市海门镇日新新村二组37号', '996173302@qq.com', '男', '2011-09-01', '2014-06-30', '0', '320684199208141394', '中国', '江苏省海门市海门镇日新新村二组37号', '', '南京信息职业技术学院专科', '', '', '', '普通校友', '1'), ('1053', '162', null, null, '16', '31213D23', '陈枫昊', '', 'DN+YF6MfoGpAe35I3dZXvg==', '', '', '', '', '', '18066076361', '753681716', '', '江苏省丹阳市陵口镇留墅村23号', 'ChenFenghao321@sina.com', '男', '2011-09-01', '2014-06-30', '0', '321181199210265171', '中国', '江苏省丹阳市陵口镇留墅村23号', '', '南京信息职业技术学院专科', '', '', '', '普通校友', '1'), ('1054', '162', null, null, '16', '31213D22', '朱慧汇', '', 'UPenOnCXq/AP2BC7VAHWrg==', '', '', '', '', '', '15651026097', '1264861628', '', '江苏省盐城市建湖县宝塔镇宝塔村14组', '1264861628@qq.com', '女', '2011-09-01', '2014-06-30', '0', '320925199401046424', '中国', '江苏省盐城市建湖县宝塔镇宝塔村14组', '', '南京信息职业技术学院专科', '', '', '', '普通校友', '1'), ('1055', '162', null, null, '16', '31213D21', '周桂香', '', 'EkvktfP1OqFKSnd0/zqxOQ==', '', '', '', '', '', '15605195335', '1140591859', '', '江苏省徐州市铜山区草集镇八湖村五组', '1140591859@qq.com', '女', '2011-09-01', '2014-06-30', '0', '320323199207303946', '中国', '江苏省徐州市铜山区草集镇八湖村五组', '', '南京信息职业技术学院专科', '', '', '', '普通校友', '1'), ('1056', '162', null, null, '16', '31213D20', '张倩', '', 'wK39HC0e0+25v5iZVlfIDA==', '', '', '', '', '', '13222003081', '1195231859', '', '江苏省南京市六合区雄州镇秀林水苑28幢2单元203室', '1195231859@qq.com', '女', '2011-09-01', '2014-06-30', '0', '320123199401202849', '中国', '江苏省南京市六合区雄州镇秀林水苑28幢2单元203室', '', '南京信息职业技术学院专科', '', '', '', '普通校友', '1'), ('1057', '162', null, null, '16', '31213D19', '张晨', '', 'Cahnf0wGvcE7TspHgGkwIA==', '', '', '', '', '', '15050557110', '898429590', '', '江苏省回金坛市指前镇旭红村110号', '898429590@qq.com', '女', '2011-09-01', '2014-06-30', '0', '320482199304244904', '中国', '江苏省回金坛市指前镇旭红村110号', '', '南京信息职业技术学院专科', '', '', '', '普通校友', '1'), ('1058', '162', null, null, '16', '31213D18', '许姣姣', '', 'sMp253Sq4g9qsQpzvMr06g==', '', '', '', '', '', '15605192885', '1831627972', '', '江苏省无锡市江阴市申港镇申浦村锦湖苑二村12幢106室', '1831627972@qq.com', '女', '2011-09-01', '2014-06-30', '0', '320281199312261045', '中国', '江苏省无锡市江阴市申港镇申浦村锦湖苑二村12幢106室', '', '南京信息职业技术学院专科', '', '', '', '普通校友', '1'), ('1059', '162', null, null, '16', '31213D17', '魏萍', '', 'enpj4HW414JvHGHcxsJ/+A==', '', '', '', '', '', '15050555679', '1017301070', '', '江苏省南京是高淳县古柏镇凤山后保村24号', '1017301070@qq.com', '女', '2011-09-01', '2014-06-30', '0', '320125199203292823', '中国', '江苏省南京是高淳县古柏镇凤山后保村24号', '', '南京信息职业技术学院专科', '', '', '', '普通校友', '1'), ('1060', '162', null, null, '16', '31213D16', '王芸', '', 'Ta5e95I843lDGcds8Shw7Q==', '', '', '', '', '', '15651026096', '1209821021', '', '江苏省盐城市建湖县沼河镇东兴居委会尚田组', '1209821021@qq.com', '女', '2011-09-01', '2014-06-30', '0', '32092519941205362X', '中国', '江苏省盐城市建湖县沼河镇东兴居委会尚田组', '', '南京信息职业技术学院专科', '', '', '', '普通校友', '1'), ('1061', '162', null, null, '16', '31213D15', '王小柳', '', 'C0vnE2dNGNNrcP3d7kOWCg==', '', '', '', '', '', '15050558332', '1136149407', '', '江苏省如皋市龙游河村六组1号', '1136149407@qq.com', '女', '2011-09-01', '2014-06-30', '0', '320682199302187820', '中国', '江苏省如皋市龙游河村六组1号', '', '南京信息职业技术学院专科', '', '', '', '普通校友', '1'), ('1062', '162', null, null, '16', '31213D14', '王胜英', '', 'rGvl7jOg24fYBRKv5Y4iDQ==', '', '', '', '', '', '18020119873', '735825482', '', '江苏省无锡市惠山区前洲镇新城苑24幢502室', '735825482@qq.com', '女', '2011-09-01', '2014-06-30', '0', '32020619931003122X', '中国', '江苏省无锡市惠山区前洲镇新城苑24幢502室', '', '南京信息职业技术学院专科', '', '', '', '普通校友', '1'), ('1063', '162', null, null, '16', '31213D13', '汪玲玲', '', 'zMIBLsTGb+FyMujt7t9/Bw==', '', '', '', '', '', '15605196095', '', '', '江苏省泰州市黄桥镇东进中路241号', '2569057070@qq.com', '女', '2011-09-01', '2014-06-30', '0', '321283199408281466', '中国', '江苏省泰州市黄桥镇东进中路241号', '', '南京信息职业技术学院专科', '', '', '', '普通校友', '1'), ('1064', '162', null, null, '16', '31213D12', '屈甜甜', '', 'wOVs59qDu/mD5ulC5EWkgQ==', '', '', '', '', '', '15050557561', '852846462', '', '江苏省张家港市南丰镇南丰村', '852846462@qq.com', '女', '2011-09-01', '2014-06-30', '0', '320582199408136022', '中国', '江苏省张家港市南丰镇南丰村', '', '南京信息职业技术学院专科', '', '', '', '普通校友', '1'), ('1065', '162', null, null, '16', '31213D11', '倪鸣莺', '', 'qt6HIFqRbDPh/x5rF1BkJA==', '', '', '', '', '', '15605192667', '314985240', '', '江苏省无锡市惠山区堰桥镇仓桥村倪家湾61号', '314985240@qq.com', '女', '2011-09-01', '2014-06-30', '0', '320283199410173447', '中国', '江苏省无锡市惠山区堰桥镇仓桥村倪家湾61号', '', '南京信息职业技术学院专科', '', '', '', '普通校友', '1'), ('1066', '162', null, null, '16', '31213D10', '吕丽玲', '', 'JgkAg1UssfYKxm/LHnwUww==', '', '', '', '', '', '18066075651', '1447595537', '', '江苏省常州市溧阳市竹箦镇棠荫村糟坊巷26号', '1447595537@qq.com', '女', '2011-09-01', '2014-06-30', '0', '320481199409145420', '中国', '江苏省常州市溧阳市竹箦镇棠荫村糟坊巷26号', '', '南京信息职业技术学院专科', '', '', '', '普通校友', '1'), ('1067', '162', null, null, '16', '31213D09', '刘婷', '', 'tiJURPJWC6hZwkoUzNl2nA==', '', '', '', '', '', '15651811055', '1278209194', '', '江苏省泰兴市泰兴镇桹思路9号2栋503室', '1278209194@qq.com', '女', '2011-09-01', '2014-06-30', '0', '321283199308130222', '中国', '江苏省泰兴市泰兴镇桹思路9号2栋503室', '', '南京信息职业技术学院专科', '', '', '', '普通校友', '1'), ('1068', '162', null, null, '16', '31213D08', '李声娇', '', 'wyNXfHRLx82LrJ9HHEuDRA==', '', '', '', '', '', '15605190373', '183018334', '', '江苏省南京市六合区竹镇镇庙山村李营33号', '183018334@qq.com', '女', '2011-09-01', '2014-06-30', '0', '320123199309072826', '中国', '江苏省南京市六合区竹镇镇庙山村李营33号', '', '南京信息职业技术学院专科', '', '', '', '普通校友', '1'), ('1069', '162', null, null, '16', '31213D07', '李楠', '', 'e4i7IAXkR2BNhoetDwu5GQ==', '', '', '', '', '', '15605195265', '1074768160', '', '江苏省徐州市铜山区张集镇水口村176号', '1074768160@qq.com', '女', '2011-09-01', '2014-06-30', '0', '320323199306132628', '中国', '江苏省徐州市铜山区张集镇水口村176号', '', '南京信息职业技术学院专科', '', '', '', '普通校友', '1'), ('1070', '162', null, null, '16', '31213D06', '季银', '', 'sZGbfZTRCmPevLcJ6qaT8w==', '', '', '', '', '', '18170157310', '1069096382', '', '江苏省扬州市宝库县沿河镇官沟村马声组', '1069096382@qq.com', '女', '2011-09-01', '2014-06-30', '0', '321023199303155220', '中国', '江苏省扬州市宝库县沿河镇官沟村马声组', '', '南京信息职业技术学院专科', '', '', '', '普通校友', '1'), ('1071', '162', null, null, '16', '31213D05', '郭婷', '', 'iVPU8OSYWr/bSy2+JueZ5Q==', '', '', '', '', '', '15605192882', '1532829159', '', '江苏省无锡市江阴利港镇兴隆圩', '1532529159@qq.com', '女', '2011-09-01', '2014-06-30', '0', '320281199402120780', '中国', '江苏省无锡市江阴利港镇兴隆圩', '', '南京信息职业技术学院专科', '', '', '', '普通校友', '1'), ('1072', '162', null, null, '16', '31213D04', '顾颖', '', 'A8lmE08/fNWm/Mt55kJAUA==', '', '', '', '', '', '15050568106', '1459690877', '', '江苏省宿迁市宿城区龙河镇大罗村顾庄组', '1459690877@qq.com', '女', '2011-09-01', '2014-06-30', '0', '321302199403177421', '中国', '江苏省宿迁市宿城区龙河镇大罗村顾庄组', '', '南京信息职业技术学院专科', '', '', '', '普通校友', '1'), ('1073', '162', null, null, '16', '31213D03', '高园', '', 'b6Tzt/IIgnL6OqIs8Zj/wg==', '', '', '', '', '', '18013979452', '1017224816', '', '江苏省溧阳市上兴镇沛民村建设路', '1017224816@qq.com', '女', '2011-09-01', '2014-06-30', '0', '32048119940706482X', '中国', '江苏省溧阳市上兴镇沛民村建设路', '', '南京信息职业技术学院专科', '', '', '', '普通校友', '1'), ('1074', '162', null, null, '16', '31213D02', '冯雯', '', 'mDys0MWSZC6W007bnkwTiw==', '', '', '', '', '', '15050557112', '', '', '江苏省常州市金坛市北戴新村144幢', '425594049@qq.com', '女', '2011-09-01', '2014-06-30', '0', '320482199409032609', '中国', '江苏省常州市金坛市北戴新村144幢', '', '南京信息职业技术学院专科', '', '', '', '普通校友', '1'), ('1075', '162', null, null, '16', '31213D01', '陈萍', '', 'TEGzd2kfY4SwB6APBiXl7Q==', '', '', '', '', '', '15605190662', '', '', '江苏省南京市六合区竹镇石婆山城33号', '1028139652@qq.com', '女', '2011-09-01', '2014-06-30', '0', '320123199309122846', '中国', '江苏省南京市六合区竹镇石婆山城33号', '', '南京信息职业技术学院专科', '', '', '', '普通校友', '1'), ('1076', '161', null, null, '8', '31212P36', '郑培鑫', '', 'bcFKna43YfMnRIDuFcFm7A==', '', '', '', '', '', '18625189950', '947569263', '', '江苏省淮安市涟水县高沟镇高秀村2组', '947569263@qq.com', '男', '2011-09-01', '2014-06-30', '0', '320826199303150456', '中国', '江苏省淮安市涟水县高沟镇高秀村2组', '', '南京信息职业技术学院专科', '', '', '', '普通校友', '1'), ('1077', '161', null, null, '8', '31212P35', '张明', '', 'o0rc6Vqf/Z4XTj7OrqyQww==', '', '', '', '', '', '18052099529', '595670349', '', '淮安市涟水县方渡乡韩鲁村鲁庄组22号', '595670349@qq.com', '男', '2011-09-01', '2014-06-30', '0', '320826199302033258', '中国', '淮安市涟水县方渡乡韩鲁村鲁庄组22号', '', '南京信息职业技术学院专科', '', '', '', '普通校友', '1'), ('1078', '161', null, null, '8', '31212P34', '姚佳伟', '', '5vHeDucku0lRAjaSz6+XUg==', '', '', '', '', '', '18752035058', '826091994', '', '江苏省无锡市北塘区刘潭三村', '826091994@qq.com', '男', '2011-09-01', '2014-06-30', '0', '320211199408095011', '中国', '江苏省无锡市北塘区刘潭三村', '', '南京信息职业技术学院专科', '', '', '', '普通校友', '1'), ('1079', '161', null, null, '8', '31212P33', '许兵', '', 'KHhBOMhMspLHUJAoCcT3iQ==', '', '', '', '', '', '18020118036', '79352541', '', '连云港市东海县安峰镇', '79352541@qq.com', '男', '2011-09-01', '2014-06-30', '0', '320722199210266918', '中国', '连云港市东海县安峰镇', '', '南京信息职业技术学院专科', '', '', '', '普通校友', '1'), ('1080', '161', null, null, '8', '31212P32', '徐伟伟', '', 'Wgz9RdAq1LfCnPykiSzWxA==', '', '', '', '', '', '18020118092', '848038417', '', '江苏省淮安市盱眙县管镇镇崔岗村吴庄组58号', '848038417@qq.com', '男', '2011-09-01', '2014-06-30', '0', '320830199301141614', '中国', '江苏省淮安市盱眙县管镇镇崔岗村吴庄组58号', '', '南京信息职业技术学院专科', '', '', '', '普通校友', '1'), ('1081', '161', null, null, '8', '31212P31', '徐奎', '', 'og85cfX//jHi9fp8bRO2sg==', '', '', '', '', '', '15651995279', '1216859551', '', '淮安市淮安区顺河镇艾口村徐庄组', '1216859551@qq.com', '男', '2011-09-01', '2014-06-30', '0', '320882199312134678', '中国', '淮安市淮安区顺河镇艾口村徐庄组', '', '南京信息职业技术学院专科', '', '', '', '普通校友', '1'), ('1082', '161', null, null, '8', '31212P30', '徐海涛', '', 'HkeJwNFgR5d2vvtyoeTfcg==', '', '', '', '', '', '18020117581', '982546335', '', '泰州靖江土桥泥桥村', '982546335@qq.com', '男', '2011-09-01', '2014-06-30', '0', '321282199403100439', '中国', '泰州靖江土桥泥桥村', '', '南京信息职业技术学院专科', '', '', '', '普通校友', '1'), ('1083', '161', null, null, '8', '31212P29', '肖祥', '', 'bD7q8QVs/Y4SO0eGQ44Ibg==', '', '', '', '', '', '15862023072', '1986215076', '', '盐城市建湖县近湖镇玉莲小区', '1986215076@qq.com', '男', '2011-09-01', '2014-06-30', '0', '320925199402181417', '中国', '盐城市建湖县近湖镇玉莲小区', '', '南京信息职业技术学院专科', '', '', '', '普通校友', '1'), ('1084', '161', null, null, '8', '31212P28', '吴恺', '', 'l9RpFpqBfhw4oJYAjFBgiA==', '', '', '', '', '', '15651995282', '1615844319', '', '泰州市靖江市新桥镇孝化村', '16158443192@qq.com', '男', '2011-09-01', '2014-06-30', '0', '321128199407095251', '中国', '泰州市靖江市新桥镇孝化村', '', '南京信息职业技术学院专科', '', '', '', '普通校友', '1'), ('1085', '161', null, null, '8', '31212P27', '王凯', '', 'M6Kl/GzYsyjFBCl0QyMVXw==', '', '', '', '', '', '15380839470', '1304587906', '', '江苏省盱眙县旧铺镇雨山村河头组27号', '1304587906@qq,Com', '男', '2011-09-01', '2014-06-30', '0', '320830199210154815', '中国', '江苏省盱眙县旧铺镇雨山村河头组27号', '', '南京信息职业技术学院专科', '', '', '', '普通校友', '1'), ('1086', '161', null, null, '8', '31212P26', '孙笑青', '', 'TdMYVqbYa0OZjbptCm6/qQ==', '', '', '', '', '', '15380839493', '1016028089', '', '江苏省沭阳县湖东镇湖东口村', '1016028089@qq.com', '男', '2011-09-01', '2014-06-30', '0', '321322199312192031', '中国', '江苏省沭阳县湖东镇湖东口村', '', '南京信息职业技术学院专科', '', '', '', '普通校友', '1'), ('1087', '161', null, null, '8', '31212P25', '宋延东', '', 'UrK/d+6jGZHaEPvnBPnZrw==', '', '', '', '', '', '18761682329', '1571654097', '', '江苏省宿迁市沭阳县刘集镇桥南村', '1571654097@qq.com', '男', '2011-09-01', '2014-06-30', '0', '321322199103039030', '中国', '江苏省宿迁市沭阳县刘集镇桥南村', '', '南京信息职业技术学院专科', '', '', '', '普通校友', '1'), ('1088', '161', null, null, '8', '31212P24', '邵前伟', '', 'qEgTjYKeLOFIConlXeI1yg==', '', '', '', '', '', '13260852280', '982493392', '', '江苏省泗阳县卢集镇谷咀村', '982493392@qq.com', '男', '2011-09-01', '2014-06-30', '0', '32132319940228215X', '中国', '江苏省泗阳县卢集镇谷咀村', '', '南京信息职业技术学院专科', '', '', '', '普通校友', '1'), ('1089', '161', null, null, '8', '31212P23', '钱浩', '', 'OjgiMyPsUaPLYFqaVDYmtg==', '', '', '', '', '', '18020119957', '973188281', '', '江苏省靖江市季市镇廉尚村卞家埭', '973188281@qq.com', '男', '2011-09-01', '2014-06-30', '0', '321282199402021034', '中国', '江苏省靖江市季市镇廉尚村卞家埭', '', '南京信息职业技术学院专科', '', '', '', '普通校友', '1'), ('1090', '161', null, null, '8', '31212P22', '潘中旺', '', 'GJaZTp5Sni9aGfayNIW95g==', '', '', '', '', '', '18020118082', '', '', '江苏省灌南县李集乡大杨村四组429号', '719560661@qq.com', '男', '2011-09-01', '2014-06-30', '0', '320724199301032730', '中国', '江苏省灌南县李集乡大杨村四组429号', '', '南京信息职业技术学院专科', '', '', '', '普通校友', '1'), ('1091', '161', null, null, '8', '31212P21', '马奎林', '', 'gklox1YtSEzZoGiM6TRa0g==', '', '', '', '', '', '15996318393', '976332501', '', '江苏省常州市金坛市社头镇中心路121号', '976332501@qq.com', '男', '2011-09-01', '2014-06-30', '0', '500238199209235513', '中国', '江苏省常州市金坛市社头镇中心路121号', '', '南京信息职业技术学院专科', '', '', '', '普通校友', '1'), ('1092', '161', null, null, '8', '31212P20', '刘文虎', '', 'ZUaW2Lh3sOQQKkxo5VMmbg==', '', '', '', '', '', '18052099505', '1258145849', '', '淮安市涟水县黄营乡', '1258145849@qq.com', '男', '2011-09-01', '2014-06-30', '0', '320826199406072016', '中国', '淮安市涟水县黄营乡', '', '南京信息职业技术学院专科', '', '', '', '普通校友', '1'), ('1093', '161', null, null, '8', '31212P19', '刘家辰', '', 'OQdh0zYlTXD2m6QymwfhZg==', '', '', '', '', '', '18020117656', '', '', '盐城市建湖县近湖镇严桥小区', '1587793468@qq.com', '男', '2011-09-01', '2014-06-30', '0', '32092519940926141X', '中国', '盐城市建湖县近湖镇严桥小区', '', '南京信息职业技术学院专科', '', '', '', '普通校友', '1'), ('1094', '161', null, null, '8', '31212P18', '梁冬', '', 'w502Ie+zeZ50XsPQmaHxkg==', '', '', '', '', '', '18013861132', '', '', '淮安楚州马甸乾益村黄楼', '563810195@qq.com', '男', '2011-09-01', '2014-06-30', '0', '32088219930108189X', '中国', '淮安楚州马甸乾益村黄楼', '', '南京信息职业技术学院专科', '', '', '', '普通校友', '1'), ('1095', '161', null, null, '8', '31212P17', '康生', '', 'zsPKKOEdj7YRl9Aq/EtmxQ==', '', '', '', '', '', '18761666078', '1172417299', '', '江苏省南通市如东县栟茶镇江安村24组18号', '1172417299@qq.com', '男', '2011-09-01', '2014-06-30', '0', '32062319931015421X', '中国', '江苏省南通市如东县栟茶镇江安村24组18号', '', '南京信息职业技术学院专科', '', '', '', '普通校友', '1'), ('1096', '161', null, null, '8', '31212P16', '金文俊', '', '3hHpRdUdMJaCixgwFgz17w==', '', '', '', '', '', '15651036515', '279639407', '', '苏州市相城区黄桥镇永方路朝阳花园10幢505', '279639407@qq.com', '男', '2011-09-01', '2014-06-30', '0', '320586199201014816', '中国', '苏州市相城区黄桥镇永方路朝阳花园10幢505', '', '南京信息职业技术学院专科', '', '', '', '普通校友', '1'), ('1097', '161', null, null, '8', '31212P15', '蒋星晨', '', 'XWt+EKWEHIHi/fDHbtMKqA==', '', '', '', '', '', '18752037368', '1249857455', '', '淮安市淮阴区渔沟镇渔沟街65号', '1249857455@qq.com', '男', '2011-09-01', '2014-06-30', '0', '320821199308244775', '中国', '淮安市淮阴区渔沟镇渔沟街65号', '', '南京信息职业技术学院专科', '', '', '', '普通校友', '1'), ('1098', '161', null, null, '8', '31212P14', '郭传飞', '', 'ooIzKjZAl41XERS9fCqEBQ==', '', '', '', '', '', '15651785052', '739464321', '', '江苏省太仓市浏家港河西街', '739464321@qq.com', '男', '2011-09-01', '2014-06-30', '0', '341225198903019233', '中国', '江苏省太仓市浏家港河西街', '', '南京信息职业技术学院专科', '', '', '', '普通校友', '1'), ('1099', '161', null, null, '8', '31212P13', '高龙颖', '', 'dVjkO8zGrr4Q2pmFN1AiHA==', '', '', '', '', '', '18052098170', '941142478', '', '江苏省淮安市清浦区和平镇', '941142478@qq.com', '男', '2011-09-01', '2014-06-30', '0', '320811199212203511', '中国', '江苏省淮安市清浦区和平镇', '', '南京信息职业技术学院专科', '', '', '', '普通校友', '1'), ('1100', '161', null, null, '8', '31212P12', '陈志鹏', '', 'S5nAKa7tK6QMQYdSi5IbJg==', '', '', '', '', '', '15651793550', '719414799', '', '江苏省盐城市射阳县陈洋居委会2组7号', '719414799@qq.com', '男', '2011-09-01', '2014-06-30', '0', '320924199309193417', '中国', '江苏省盐城市射阳县陈洋居委会2组7号', '', '南京信息职业技术学院专科', '', '', '', '普通校友', '1'), ('1101', '161', null, null, '8', '31212P11', '陈安', '', 'qE91Q+jHPnzb/pKwU0gq9g==', '', '', '', '', '', '15651791020', '1135755305', '', '江苏省泗阳县八集乡', '1135755305@qq.com', '男', '2011-09-01', '2014-06-30', '0', '321323199304206153', '中国', '江苏省泗阳县八集乡', '', '南京信息职业技术学院专科', '', '', '', '普通校友', '1'), ('1102', '161', null, null, '8', '31212P10', '卞旭昕', '', 'X0EnMTVhglnxjGNR+fPEUA==', '', '', '', '', '', '15951854483', '1104384785', '', '江苏省盐城市大丰市新丰镇伍龙路82号', '1104384785@qq.com', '男', '2011-09-01', '2014-06-30', '0', '320982199408027215', '中国', '江苏省盐城市大丰市新丰镇伍龙路82号', '', '南京信息职业技术学院专科', '', '', '', '普通校友', '1'), ('1103', '161', null, null, '8', '31212P09', '杨炜炜', '', 'TQz8hJSMsrjkhfQs4CGXvg==', '', '', '', '', '', '13260852389', '992658965', '', '江苏省南通市通州区金沙镇新三园村28组', '992658965@qq.com', '女', '2011-09-01', '2014-06-30', '0', '320683199310080368', '中国', '江苏省南通市通州区金沙镇新三园村28组', '', '南京信息职业技术学院专科', '', '', '', '普通校友', '1'), ('1104', '161', null, null, '8', '31212P08', '谢嫚', '', 'eo6wAXKP/IH7h16ibQaAbA==', '', '', '', '', '', '15805197170', '2606447108', '', '江苏省宿迁市宿豫区曹集乡双河村八组', '2606447108@qq.com', '女', '2011-09-01', '2014-06-30', '0', '321321199309244025', '中国', '江苏省宿迁市宿豫区曹集乡双河村八组', '', '南京信息职业技术学院专科', '', '', '', '普通校友', '1'), ('1105', '161', null, null, '8', '31212P07', '夏斯静', '', 'W0hQXuEy+rG7vXo1EeUDZA==', '', '', '', '', '', '15651725382', '632989040', '', '江苏省泰州市兴化市沙沟镇后大街53#', '632989040@qq.com', '女', '2011-09-01', '2014-06-30', '0', '321281199305283546', '中国', '江苏省泰州市兴化市沙沟镇后大街53#', '', '南京信息职业技术学院专科', '', '', '', '普通校友', '1'), ('1106', '161', null, null, '8', '31212P06', '王海娇', '', 'boOlOc/knWWKDD4580NYYw==', '', '', '', '', '', '18761661708', '1031299263', '', '徐州市丰县林苑小区二栋一单元101室', '1031299263@qq.com', '女', '2011-09-01', '2014-06-30', '0', '320321199311064225', '中国', '徐州市丰县林苑小区二栋一单元101室', '', '南京信息职业技术学院专科', '', '', '', '普通校友', '1'), ('1107', '161', null, null, '8', '31212P05', '刘玉秀', '', 'hcioId28H/APloCwqKh8bw==', '', '', '', '', '', '18761661798', '', '', '徐州市杨屯镇旧姚桥村', '26079995638@qq.com', '女', '2011-09-01', '2014-06-30', '0', '320322199111222520', '中国', '徐州市杨屯镇旧姚桥村', '', '南京信息职业技术学院专科', '', '', '', '普通校友', '1'), ('1108', '161', null, null, '8', '31212P04', '胡萌萌', '', 'gXOfGi+sDnPJiXkmtPVwLQ==', '', '', '', '', '', '18752035918', '980365692', '', '徐州市睢宁县大自然市场三号楼208号', '980365692@qq. com', '女', '2011-09-01', '2014-06-30', '0', '320324199404040029', '中国', '徐州市睢宁县大自然市场三号楼208号', '', '南京信息职业技术学院专科', '', '', '', '普通校友', '1'), ('1109', '161', null, null, '8', '31212P03', '洪霞', '', 'OMnb1DvzAHn07j6mSviXFg==', '', '', '', '', '', '15651797636', '1505178783', '', '江苏省靖江市西来镇高家村施家埭1-22号', '1505178783@qq.com', '女', '2011-09-01', '2014-06-30', '0', '321282199312010825', '中国', '江苏省靖江市西来镇高家村施家埭1-22号', '', '南京信息职业技术学院专科', '', '', '', '普通校友', '1'), ('1110', '161', null, null, '8', '31212P02', '柴晓焕', '', 'b2n+pbX+nTgORnxjE+mG6A==', '', '', '', '', '', '13151092792', '2691790750', '', '徐州市孙宁县王集镇光明村光南', '2691790750 @qq.com', '女', '2011-09-01', '2014-06-30', '0', '320324199212073723', '中国', '徐州市孙宁县王集镇光明村光南', '', '南京信息职业技术学院专科', '', '', '', '普通校友', '1'), ('1111', '161', null, null, '8', '31212P01', '鲍兆艾', '', 'y7M0Oyocl25oSwqPYw4JsA==', '', '', '', '', '', '15651037991', '1278967311', '', '江苏省淮安市淮安区博里镇西岗村一组4号', '1278967311@qq.com', '女', '2011-09-01', '2014-06-30', '0', '320882199311023220', '中国', '江苏省淮安市淮安区博里镇西岗村一组4号', '', '南京信息职业技术学院专科', '', '', '', '普通校友', '1'), ('1112', '171', null, null, '16', '31211P38', '张勇', '', 'pvDPlhIS4R9jjt83Kz141Q==', '', '', '', '', '', '15952014452', '313472116', '', '江苏省兴化市垛田镇王横村', '313472116@qq.com', '男', '2011-09-01', '2014-06-30', '0', '321281199304145854', '中国', '江苏省兴化市垛田镇王横村', '', '南京信息职业技术学院专科', '', '', '', '普通校友', '1'), ('1113', '171', null, null, '16', '31211P36', '翟仁进', '', '4YD4AXQDYqF/8KGCzS1/UQ==', '', '', '', '', '', '15651779701', '985264191', '', '江苏省徐州市丰县常店镇裴庙村40号', '985264191@qq.com', '男', '2011-09-01', '2014-06-30', '0', '320321199012193414', '中国', '江苏省徐州市丰县常店镇裴庙村40号', '', '南京信息职业技术学院专科', '', '', '', '普通校友', '1'), ('1114', '171', null, null, '16', '31211P35', '易飞', '', 'ql5lyDaUlIHD/tgO7ZU9Bw==', '', '', '', '', '', '15651031371', '457149567', '', '南京市江宁区武夷绿洲观竹苑27栋504', '457149567@qq.com', '男', '2011-09-01', '2014-06-30', '0', '320121199402090030', '中国', '南京市江宁区武夷绿洲观竹苑27栋504', '', '南京信息职业技术学院专科', '', '', '', '普通校友', '1'), ('1115', '171', null, null, '16', '31211P34', '闫稳', '', 'NttseYWCmzHUE/V515Kwbg==', '', '', '', '', '', '15996316993', '623244856', '', '江苏省徐州市丰县', '623244856@qq.com', '男', '2011-09-01', '2014-06-30', '0', '320321199307061611', '中国', '江苏省徐州市丰县', '', '南京信息职业技术学院专科', '', '', '', '普通校友', '1'), ('1116', '171', null, null, '16', '31211P33', '闫彬彬', '', 'J5AERbmc5dycmF6gavARXg==', '', '', '', '', '', '18795850679', '852228554', '', '江苏省南京市下关区金岭小区3村5幢2单元301', 'lucitier.gu@gmail.com', '男', '2011-09-01', '2014-06-30', '0', '320107199496301811', '中国', '江苏省南京市下关区金岭小区3村5幢2单元301', '', '南京信息职业技术学院专科', '', '', '', '普通校友', '1'), ('1117', '171', null, null, '16', '31211P32', '徐玉伟', '', 'zZ9aA5Efrm2mKdgTEBEt0A==', '', '', '', '', '', '15651979685', '812792245', '', '江苏省丹阳市开发区迎春小区21幢3单元501', '812792245@qq.com', '男', '2011-09-01', '2014-06-30', '0', '321181199403057475', '中国', '江苏省丹阳市开发区迎春小区21幢3单元501', '', '南京信息职业技术学院专科', '', '', '', '普通校友', '1'), ('1118', '171', null, null, '16', '31211P31', '徐珺', '', 'YgpounHoPfw3peVFDL9giA==', '', '', '', '', '', '18551637674', '863133172', '', '江苏省如东县丰利镇包场村9组52号', '863133172@qq.com', '男', '2011-09-01', '2014-06-30', '0', '320623199401203179', '中国', '江苏省如东县丰利镇包场村9组52号', '', '南京信息职业技术学院专科', '', '', '', '普通校友', '1');
INSERT INTO `stu_infor` VALUES ('1119', '171', null, null, '16', '31211P30', '徐建舟', '', 'ME8aHHmWhrFdz/jNwQj+Bg==', '', '', '', '', '', '15651038735', '635038182', '', '江苏省江都区浦头镇', '63503518182@qq.com', '男', '2011-09-01', '2014-06-30', '0', '321088199211256938', '中国', '江苏省江都区浦头镇', '', '南京信息职业技术学院专科', '', '', '', '普通校友', '1'), ('1120', '171', null, null, '16', '31211P29', '吴自立', '', 'E5wA5qseXmGUnMLENwi5xQ==', '', '', '', '', '', '18761663339', '', '', '江苏省徐州市邳州市戴圩镇连渊村3组', '1157801734@qq.com', '男', '2011-09-01', '2014-06-30', '0', '320382199205050738', '中国', '江苏省徐州市邳州市戴圩镇连渊村3组', '', '南京信息职业技术学院专科', '', '', '', '普通校友', '1'), ('1121', '171', null, null, '16', '31211P28', '王平', '', 'ctdLv4L3qWVb/qeBbb63sA==', '', '', '', '', '', '18020117783', '1194529722', '', '江苏省南京市栖霞区化纤新村万鑫佳苑', '1194529722@qq.com', '男', '2011-09-01', '2014-06-30', '0', '320882199303076218', '中国', '江苏省南京市栖霞区化纤新村万鑫佳苑', '', '南京信息职业技术学院专科', '', '', '', '普通校友', '1'), ('1122', '171', null, null, '16', '31211P27', '王猛', '', 'qFkugHYqgc2jYAH80ple8g==', '', '', '', '', '', '15651890589', '1076611581', '', '江苏省淮安市盱眙县兴隆乡晓庄村34号', '1076611581@qq.com', '男', '2011-09-01', '2014-06-30', '0', '320830199112301834', '中国', '江苏省淮安市盱眙县兴隆乡晓庄村34号', '', '南京信息职业技术学院专科', '', '', '', '普通校友', '1'), ('1123', '171', null, null, '16', '31211P26', '童壬潞', '', '1cqKwnAeG1lesyUWhKqPpQ==', '', '', '', '', '', '15651890806', '526220143', '', '江苏省 昆山市 锦溪镇 水榭蓝湾小区', '526220143@qq.com', '男', '2011-09-01', '2014-06-30', '0', '232700199401292117', '中国', '江苏省 昆山市 锦溪镇 水榭蓝湾小区', '', '南京信息职业技术学院专科', '', '', '', '普通校友', '1'), ('1124', '171', null, null, '16', '31211P25', '苏洋', '', 'tPX4bD9PF3QgVCcgcqa3VQ==', '', '', '', '', '', '15651990911', '', '', '江苏省南京市六合区金牛湖社区和仁竹园5号', '1564111763@qq.com', '男', '2011-09-01', '2014-06-30', '0', '32012319930518381X', '中国', '江苏省南京市六合区金牛湖社区和仁竹园5号', '', '南京信息职业技术学院专科', '', '', '', '普通校友', '1'), ('1125', '171', null, null, '16', '31211P24', '施敏磊', '', 'vidOHYf66uu04elP+l1xDQ==', '', '', '', '', '', '15651793591', '1161012386', '', '江苏省海门镇海门市日新小区215幢504室', '1161012386@qq.com', '男', '2011-09-01', '2014-06-30', '0', '320684199306210031', '中国', '江苏省海门镇海门市日新小区215幢504室', '', '南京信息职业技术学院专科', '', '', '', '普通校友', '1'), ('1126', '171', null, null, '16', '31211P23', '倪啸天', '', 'TiPYHtVfwwy2f39zM+JOiw==', '', '', '', '', '', '15651038320', '1134794094', '', '江苏省东台市新民南路26号101', '1134794094@qq.com', '男', '2011-09-01', '2014-06-30', '0', '32098119930612021X', '中国', '江苏省东台市新民南路26号101', '', '南京信息职业技术学院专科', '', '', '', '普通校友', '1'), ('1127', '171', null, null, '16', '31211P22', '缪然', '', 'zOtVYWrAN97IRQAPZSAAaA==', '', '', '', '', '', '15365183757', '619760381', '', '江苏省南通市如东县栟茶镇兴凌村2组50号', '619760381@qq.com', '男', '2011-09-01', '2014-06-30', '0', '320623199312184359', '中国', '江苏省南通市如东县栟茶镇兴凌村2组50号', '', '南京信息职业技术学院专科', '', '', '', '普通校友', '1'), ('1128', '171', null, null, '16', '31211P21', '茅威涛', '', 'V3rf4L2gqUL0mSQBrnwlaA==', '', '', '', '', '', '15651783667', '1272220970', '', '江苏省张家港市后塍金湾花园9幢504室', '1272220970@qq.com', '男', '2011-09-01', '2014-06-30', '0', '320582199405110839', '中国', '江苏省张家港市后塍金湾花园9幢504室', '', '南京信息职业技术学院专科', '', '', '', '普通校友', '1'), ('1129', '171', null, null, '16', '31211P20', '吕余俊', '', 'yOfMkBaR4a8azKe9GACHSA==', '', '', '', '', '', '13675122203', '994309121', '', '江苏省南京市栖霞区香樟园5栋2单元104室', '994309121@qq.com', '男', '2011-09-01', '2014-06-30', '0', '320113199303261615', '中国', '江苏省南京市栖霞区香樟园5栋2单元104室', '', '南京信息职业技术学院专科', '', '', '', '普通校友', '1'), ('1130', '171', null, null, '16', '31211P19', '卢剑秋', '', 't0yFT+iycp9T2qCzqrefNA==', '', '', '', '', '', '15380839702', '582669118', '', '江苏省扬州市宝应县通达路76#', '582669118@qq.com', '男', '2011-09-01', '2014-06-30', '0', '321023199309280014', '中国', '江苏省扬州市宝应县通达路76#', '', '南京信息职业技术学院专科', '', '', '', '普通校友', '1'), ('1131', '171', null, null, '16', '31211P18', '刘伏友', '', 'n0a6pvGWm/FLOoTEpHDQyQ==', '', '', '', '', '', '13151573517', '2533541534', '', '江苏省南京市六合区马鞍镇平山村黄泥岗组1号', '2533541534@qq.com', '男', '2011-09-01', '2014-06-30', '0', '320123199303173458', '中国', '江苏省南京市六合区马鞍镇平山村黄泥岗组1号', '', '南京信息职业技术学院专科', '', '', '', '普通校友', '1'), ('1132', '171', null, null, '16', '31211P17', '蒋飞', '', 'PhxUBgWIkKOAbMRsn4HTRQ==', '', '', '', '', '', '15996316860', '1076611581', '', '江苏省徐州市丰县蒋老家村19号', '568692141@qq.com', '男', '2011-09-01', '2014-06-30', '0', '320321199304064411', '中国', '江苏省徐州市丰县蒋老家村19号', '', '南京信息职业技术学院专科', '', '', '', '普通校友', '1'), ('1133', '171', null, null, '16', '31211P16', '姜晨晨', '', 'zacOpgv0WxcqXjX8+g8bTg==', '', '', '', '', '', '15651792667', '506280963', '', '江苏省如东县掘港镇丁字岸村三十一组11号', '506280963@qq.com', '男', '2011-09-01', '2014-06-30', '0', '320623199303181877', '中国', '江苏省如东县掘港镇丁字岸村三十一组11号', '', '南京信息职业技术学院专科', '', '', '', '普通校友', '1'), ('1134', '171', null, null, '16', '31211P15', '黄瑜豪', '', 'SXDLvU4s7p2PGHev8EOHDQ==', '', '', '', '', '', '18761663939', '654300488', '', '江苏省溧阳市昆仑南苑桃源里小区8幢4单元102室', '654300488@qq.com', '男', '2011-09-01', '2014-06-30', '0', '320481199311251014', '中国', '江苏省溧阳市昆仑南苑桃源里小区8幢4单元102室', '', '南京信息职业技术学院专科', '', '', '', '普通校友', '1'), ('1135', '171', null, null, '16', '31211P14', '侯赟', '', '/5BV8pS+ecKIm1w9du+Nww==', '', '', '', '', '', '18761666218', '1218595254', '', '江苏省南通市丁堰镇赵明村19组19号', '1218595254@qq.com', '男', '2011-09-01', '2014-06-30', '0', '320682199310281737', '中国', '江苏省南通市丁堰镇赵明村19组19号', '', '南京信息职业技术学院专科', '', '', '', '普通校友', '1'), ('1136', '171', null, null, '16', '31211P13', '何梦颖', '', '6FFFRXdFz3TFYSTq+sMx0Q==', '', '', '', '', '', '15651792017', '984540978', '', '江苏省淮安市涟水县林场村大巷组', '984540978@qq.com', '男', '2011-09-01', '2014-06-30', '0', '320826199507011415', '中国', '江苏省淮安市涟水县林场村大巷组', '', '南京信息职业技术学院专科', '', '', '', '普通校友', '1'), ('1137', '171', null, null, '16', '31211P12', '顾晨超', '', 'WRNplPYAPF6ezxP1OF8rXA==', '', '', '', '', '', '13913697158', '625620807', '', '江苏省常熟市锦锈苑26幢704室', '625620807@qq.com', '男', '2011-09-01', '2014-06-30', '0', '320581199402024111', '中国', '江苏省常熟市锦锈苑26幢704室', '', '南京信息职业技术学院专科', '', '', '', '普通校友', '1'), ('1138', '171', null, null, '16', '31211P11', '褚明虎', '', 'byO0DP2zMfi4pPGkUCGbOg==', '', '', '', '', '', '18761668352', '10809375', '', '江苏省洪泽县高良涧镇清涧村3组', '10809375@qq.com', '男', '2011-09-01', '2014-06-30', '0', '320829199403010871', '中国', '江苏省洪泽县高良涧镇清涧村3组', '', '南京信息职业技术学院专科', '', '', '', '普通校友', '1'), ('1139', '171', null, null, '16', '31211P10', '陈正辉', '', 'h3/1hJ/UNl3+lZWDXjWeHA==', '', '', '', '', '', '18020125117', '1375252661', '', '江苏省淮安市楚州区流均镇沿河村二组', '1375252661@qq.com', '男', '2011-09-01', '2014-06-30', '0', '320882199208203039', '中国', '江苏省淮安市楚州区流均镇沿河村二组', '', '南京信息职业技术学院专科', '', '', '', '普通校友', '1'), ('1140', '171', null, null, '16', '31211P09', '张俊霞', '', 'gWMBFqQQOLSi5Ucrhe2ACw==', '', '', '', '', '', '15365186657', '1219081098', '', '江苏省扬州市江都区三号路东方新村8幢3单元206室', '1219081098@qq.com', '女', '2011-09-01', '2014-06-30', '0', '321088199403101383', '中国', '江苏省扬州市江都区三号路东方新村8幢3单元206室', '', '南京信息职业技术学院专科', '', '', '', '普通校友', '1'), ('1141', '171', null, null, '16', '31211P08', '于露露', '', '2uZykkz5CfhH3fnTqGpbEQ==', '', '', '', '', '', '15651782952', '1280100350', '', '江苏省邳州市青年东路白宫小区三单元101室', '1280100350@qq.com', '女', '2011-09-01', '2014-06-30', '0', '320382199103013629', '中国', '江苏省邳州市青年东路白宫小区三单元101室', '', '南京信息职业技术学院专科', '', '', '', '普通校友', '1'), ('1142', '171', null, null, '16', '31211P07', '杨小雨', '', 'VkX4HEzm/Lzh5IU68lkvlQ==', '', '', '', '', '', '13260782755', '843326360', '', '江苏省南京市雨花台区西善桥八零七队11栋109', '843326360@qq.com', '女', '2011-09-01', '2014-06-30', '0', '342623199206065984', '中国', '江苏省南京市雨花台区西善桥八零七队11栋109', '', '南京信息职业技术学院专科', '', '', '', '普通校友', '1'), ('1143', '171', null, null, '16', '31211P06', '王伊玉', '', 'oYLzBTkDQ8Ev/+qsz/EEYA==', '', '', '', '', '', '15366199832', '8132061', '', '江苏省南京市玄武区东方城拂晓园2栋604室', '8132061@qq.com', '女', '2011-09-01', '2014-06-30', '0', '320102199408313822', '中国', '江苏省南京市玄武区东方城拂晓园2栋604室', '', '南京信息职业技术学院专科', '', '', '', '普通校友', '1'), ('1144', '171', null, null, '16', '31211P05', '宋桃桃', '', '7y7vSTcM+cRT2KZzBaOd+w==', '', '', '', '', '', '15651779583', '664986980', '', '江苏省徐州市丰县宋楼镇魏庄村', '664986980@qq.com', '女', '2011-09-01', '2014-06-30', '0', '32032119930816126x', '中国', '江苏省徐州市丰县宋楼镇魏庄村', '', '南京信息职业技术学院专科', '', '', '', '普通校友', '1'), ('1145', '171', null, null, '16', '31211P04', '乔珍', '', 'kUMI9wHoDP5YEfvZZzQxeA==', '', '', '', '', '', '15651039519', '', '', '江苏省宿迁市宿城区陈集镇徐元村周五组      ', '820918923@qq.cn', '女', '2011-09-01', '2014-06-30', '0', '321324199309164884', '中国', '江苏省宿迁市宿城区陈集镇徐元村周五组      ', '', '南京信息职业技术学院专科', '', '', '', '普通校友', '1'), ('1146', '171', null, null, '16', '31211P03', '麻荃君', '', 'd53nXiXbpJw+w/qZDGCvuw==', '', '', '', '', '', '18752038781', '305887324', '', '江苏省南京市建邺区南湖路28号金虹花园9栋205室', '305887324@qq.com', '女', '2011-09-01', '2014-06-30', '0', '412702199310203242', '中国', '江苏省南京市建邺区南湖路28号金虹花园9栋205室', '', '南京信息职业技术学院专科', '', '', '', '普通校友', '1'), ('1147', '171', null, null, '16', '31211P02', '郭蕊', '', 'Ti709NC3yKiaOvbucRPmzQ==', '', '', '', '', '', '15605165981', '444840509', '', '徐州市睢宁县天虹小区', '444840509@qq.com', '女', '2011-09-01', '2014-06-30', '0', '320324199512101861', '中国', '徐州市睢宁县天虹小区', '', '南京信息职业技术学院专科', '', '', '', '普通校友', '1'), ('1148', '171', null, null, '16', '31211P01', '戴苏贤', '', '6vRAZcKPVKH2R420gNtobQ==', '', '', '', '', '', '18761669987', '1185491401', '', '江苏省高邮市高邮镇大桥村朝阳组054号', '1185491401@qq.com', '女', '2011-09-01', '2014-06-30', '0', '321084199312082329', '中国', '江苏省高邮市高邮镇大桥村朝阳组054号', '', '南京信息职业技术学院专科', '', '', '', '普通校友', '1'), ('1149', '165', null, null, '11', '31022P37', '朱贺', '', 'NnGgbzbQG3b4E1M+ica17A==', '', '', '', '', '', '15951242585', '354994199', '', '宿迁市宿城区河滨街道半窑居委会4组47号', '354994199@qq.com', '男', '2011-09-01', '2014-06-30', '0', '321302199201248818', '中国', '宿迁市宿城区河滨街道半窑居委会4组47号', '', '南京信息职业技术学院专科', '', '', '', '', '1'), ('1150', '165', null, null, '11', '31022P22', '潘晓乐', '', 'iG9Gtwnb8BbRs7K0IFJkuw==', '', '', '', '', '', '18705154162', '790197844', '', '江苏省常州市戚墅堰区五益新村4-乙-602', '790197844@qq.com', '男', '2011-09-01', '2014-06-30', '0', '342623199201115073', '中国', '江苏省常州市戚墅堰区五益新村4-乙-602', '', '南京信息职业技术学院专科', '', '', '', '', '1');
COMMIT;

-- ----------------------------
--  Table structure for `tea_protitle`
-- ----------------------------
DROP TABLE IF EXISTS `tea_protitle`;
CREATE TABLE `tea_protitle` (
  `tea_protitle_id` int(11) NOT NULL AUTO_INCREMENT,
  `tea_protitle_name` varchar(50) COLLATE utf8_bin DEFAULT NULL,
  `tea_protitle_remarks` varchar(200) COLLATE utf8_bin DEFAULT NULL,
  PRIMARY KEY (`tea_protitle_id`)
) ENGINE=InnoDB AUTO_INCREMENT=2 DEFAULT CHARSET=utf8 COLLATE=utf8_bin;

-- ----------------------------
--  Records of `tea_protitle`
-- ----------------------------
BEGIN;
INSERT INTO `tea_protitle` VALUES ('1', '无', '无');
COMMIT;

SET FOREIGN_KEY_CHECKS = 1;
